date,actual_return,dir_prob,clf_signal_basic,clf_signal_atr,atr_active,strategy_return_basic,strategy_return_atr,cum_basic,cum_atr,cum_hold
2024-01-01,-0.0011173031398486696,0.498109370470047,-1.0,0.0,1.0,0.0011173031398486696,-0.0,0.001117303139848591,0.0,-0.0011173031398487021
2024-01-02,-0.0015466483428338857,0.4953615963459015,-1.0,0.0,1.0,0.0015466483428338857,-0.0,0.0026656795577322256,0.0,-0.002662223407632891
2024-01-03,-0.008825030908954975,0.49202343821525574,-1.0,-1.0,1.0,0.008825030908954975,0.008825030908954975,0.011514235171177667,0.008825030908955034,-0.011463760112728871
2024-01-04,-0.0012793338874625213,0.48800575733184814,-1.0,-1.0,1.0,0.0012793338874625213,0.0012793338874625213,0.012808299609883056,0.010115654957517428,-0.01272842802340135
2024-01-05,0.0017937674187858852,0.48466137051582336,-1.0,-1.0,1.0,-0.0017937674187858852,-0.0017937674187858852,0.010991557080566983,0.008303742406449155,-0.010957492444096273
2024-01-08,-0.0004706370138586311,0.48418915271759033,-1.0,-1.0,1.0,0.0004706370138586311,0.0004706370138586311,0.01146736712802765,0.008778287468837798,-0.011422972456431646
2024-01-09,0.0008647516893451855,0.48703086376190186,-1.0,0.0,0.0,-0.0008647516893451855,0.0,0.01059269901358606,0.008778287468837798,-0.010568098801815529
2024-01-10,-0.0017616554045898074,0.4917789399623871,-1.0,0.0,0.0,0.0017616554045898074,-0.0,0.012373015103642304,0.008778287468837798,-0.012311136858034866
2024-01-11,0.0038995772423958907,0.4960673451423645,-1.0,0.0,0.0,-0.0038995772423958907,0.0,0.008425188333128553,0.008778287468837798,-0.008459567844758542
2024-01-12,0.0005927674404056253,0.49723246693611145,-1.0,0.0,0.0,-0.0005927674404056253,0.0,0.00782742671539971,0.008778287468837798,-0.007871814960731194
2024-01-15,-0.003278136931587735,0.49419596791267395,-1.0,0.0,0.0,0.003278136931587735,-0.0,0.011131223023582493,0.008778287468837798,-0.011124147004977547
2024-01-16,0.0,0.4927283227443695,-1.0,0.0,0.0,-0.0,0.0,0.011131223023582493,0.008778287468837798,-0.011124147004977547
2024-01-17,-0.006132515484610603,0.4958217442035675,-1.0,0.0,0.0,0.006132515484610603,-0.0,0.017332000905747824,0.008778287468837798,-0.017188443485827043
2024-01-18,0.0006419301064366271,0.4892987310886383,-1.0,0.0,0.0,-0.0006419301064366271,0.0,0.01667894486612509,0.008778287468837798,-0.016557547158746688
2024-01-19,-0.0006093855084178445,0.48437467217445374,-1.0,0.0,0.0,0.0006093855084178445,-0.0,0.01729849428184016,0.008778287468837798,-0.017156842737870992
2024-01-22,0.001208331125892878,0.4844137132167816,-1.0,0.0,0.0,-0.001208331125892878,0.0,0.016069260846875322,0.008778287468837798,-0.015969242759080404
2024-01-23,-0.0011103749904406092,0.48727789521217346,-1.0,0.0,0.0,0.0011103749904406092,-0.0,0.017197478742675187,0.008778287468837798,-0.017061885901745066
2024-01-24,-0.002054265784688464,0.4978039562702179,-1.0,0.0,0.0,0.002054265784688464,-0.0,0.019287072719527565,0.008778287468837798,-0.019081102038003284
2024-01-25,0.002195704525871863,0.5108029246330261,1.0,0.0,0.0,0.002195704525871863,0.0,0.021525125958260505,0.008778287468837798,-0.01692729397423498
2024-01-26,-0.0031940891678824117,0.516024112701416,1.0,0.0,0.0,-0.0031940891678824117,-0.0,0.0182622836187174,0.008778287468837798,-0.0200673158557928
2024-01-29,-0.00032535760494948154,0.5173326730728149,1.0,0.0,0.0,-0.00032535760494948154,-0.0,0.017930984240908776,0.008778287468837798,-0.02038614440691766
2024-01-30,-0.0008346524768681695,0.5157655477523804,1.0,0.0,0.0,-0.0008346524768681695,-0.0,0.017081365623631273,0.008778287468837798,-0.021203781537862842
2024-01-31,0.0008237687543271816,0.5145865082740784,1.0,0.0,0.0,0.0008237687543271816,0.0,0.01791920547324044,0.008778287468837798,-0.02039747979624018
2024-02-01,-0.003647544052697876,0.5141770839691162,1.0,0.0,0.0,-0.003647544052697876,-0.0,0.01420630032918968,0.008778287468837798,-0.023970623142817282
2024-02-02,0.006525183225310071,0.5107908844947815,1.0,0.0,0.0,0.006525183225310071,0.0,0.020824182267101587,0.008778287468837798,-0.017601852625538927
2024-02-05,-0.008737607110913186,0.511430561542511,1.0,1.0,1.0,-0.008737607110913186,-0.008737607110913186,0.01190462163313244,-3.6020869084718576e-05,-0.026185661663785997
2024-02-06,-0.0035510454839929734,0.5154902338981628,1.0,0.0,0.0,-0.0035510454839929734,-0.0,0.008311302296250433,-3.6020869084718576e-05,-0.02964372067218246
2024-02-07,0.0014296890422369148,0.5181792378425598,1.0,1.0,1.0,0.0014296890422369148,0.0014296890422369148,0.009752873916307081,0.001393616674510323,-0.028256412932561648
2024-02-08,0.0017226241286986182,0.518671452999115,1.0,1.0,1.0,0.0017226241286986182,0.0017226241286986182,0.011492298580938254,0.0031186414809187823,-0.026582463982571025
2024-02-09,0.00014004449588293628,0.5188741087913513,1.0,1.0,1.0,0.00014004449588293628,0.00014004449588293628,0.01163395250998267,0.0032591227253757626,-0.026446142214455737
2024-02-12,0.0019417861621718751,0.5174329280853271,1.0,1.0,1.0,0.0019417861621718751,0.0019417861621718751,0.013598329320149594,0.0052072374069565,-0.024555708805278798
2024-02-13,-0.0024050255479935757,0.5032142400741577,1.0,0.0,1.0,-0.0024050255479935757,-0.0,0.011160599442731067,0.0052072374069565,-0.02690167724624659
2024-02-14,-0.00589655284375755,0.5008224844932556,1.0,0.0,1.0,-0.00589655284375755,-0.0,0.005198237534591366,0.0052072374069565,-0.03263960292853596
2024-02-15,0.002165564317311912,0.5027650594711304,1.0,0.0,1.0,0.002165564317311912,0.0,0.0073750589696210955,0.0052072374069565,-0.030544721770657257
2024-02-16,0.00388170040799465,0.5009610056877136,1.0,0.0,1.0,0.00388170040799465,0.0,0.011285387147027093,0.0052072374069565,-0.026781586821621794
2024-02-19,0.0010241725388866125,0.4998572766780853,-1.0,0.0,1.0,-0.0010241725388866125,0.0,0.010249656424533793,0.0052072374069565,-0.025784843248505607
2024-02-20,-0.0008841038873163796,0.503672182559967,1.0,0.0,1.0,-0.0008841038873163796,-0.0,0.009356490776128767,0.0052072374069565,-0.02664615065567222
2024-02-21,0.0034974498351770826,0.5013595819473267,1.0,0.0,1.0,0.0034974498351770826,0.0,0.012886664468428677,0.0052072374069565,-0.02324189439571378
2024-02-22,0.0006706143712430367,0.49602147936820984,-1.0,0.0,1.0,-0.0006706143712430367,0.0,0.012207408114795815,0.0052072374069565,-0.022586866372867553
2024-02-23,0.0004870568217987158,0.4961693286895752,-1.0,0.0,0.0,-0.0004870568217987158,0.0,0.01171440559159831,0.0052072374069565,-0.0221108106384188
2024-02-26,-0.0005195577476647977,0.4897933304309845,-1.0,0.0,0.0,0.0005195577476647977,-0.0,0.012240049649447693,0.0052072374069565,-0.022618880543109232
2024-02-27,0.0028497835192923576,0.4854778051376343,-1.0,0.0,0.0,-0.0028497835192923576,0.0,0.009355384638389141,0.0052072374069565,-0.019833555936813352
2024-02-28,-0.0005640750300102595,0.48566871881484985,-1.0,0.0,0.0,0.0005640750300102595,-0.0,0.009924736807269907,0.0052072374069565,-0.020386443353163308
2024-02-29,-0.0005529550220347515,0.4886792302131653,-1.0,0.0,0.0,0.0005529550220347515,-0.0,0.01048317976236457,0.0052072374069565,-0.020928125588964508
2024-03-01,-0.0031275423260024677,0.4945889115333557,-1.0,0.0,0.0,0.0031275423260024677,-0.0,0.013643508676784988,0.0052072374069565,-0.023990214316383596
2024-03-04,0.0034852552521659795,0.5019333958625793,1.0,0.0,0.0,0.0034852552521659795,0.0,0.017176315039224788,0.0052072374069565,-0.020588571084664276
2024-03-05,0.0011500159935793875,0.5036762952804565,1.0,0.0,0.0,0.0011500159935793875,0.0,0.018346084069809976,0.0052072374069565,-0.019462232277117297
2024-03-06,7.59911547539199e-05,0.4992577135562897,-1.0,0.0,0.0,-7.59911547539199e-05,0.0,0.018268698774942527,0.0052072374069565,-0.01938772007986822
2024-03-07,0.004002993860566666,0.4916905164718628,-1.0,0.0,0.0,-0.004002993860566666,0.0,0.014192575425339138,0.0052072374069565,-0.015462335143751726
2024-03-08,0.004632161004990791,0.4872231185436249,-1.0,0.0,0.0,-0.004632161004990791,0.0,0.009494672125902825,0.0052072374069565,-0.01090179816465986
2024-03-11,-0.0006567834304138422,0.48756349086761475,-1.0,0.0,0.0,0.0006567834304138422,-0.0,0.010157691499646182,0.0052072374069565,-0.01155142147467747
2024-03-12,-0.0010609555545411638,0.4907764494419098,-1.0,0.0,0.0,0.0010609555545411638,-0.0,0.011229423913405201,0.0052072374069565,-0.012600121484442228
2024-03-13,-0.00032786603029042014,0.4896526634693146,-1.0,0.0,0.0,0.00032786603029042014,-0.0,0.01156097169033643,0.0052072374069565,-0.012923856362920372
2024-03-14,0.0025165550941543685,0.4848620593547821,-1.0,0.0,0.0,-0.0025165550941543685,0.0,0.009015322773981316,0.0052072374069565,-0.010439824865332237
2024-03-15,-0.006584324557311425,0.4843501150608063,-1.0,-1.0,1.0,0.006584324557311425,0.006584324557311425,0.01565900714242563,0.011825848105402326,-0.016955410227408763
2024-03-18,-7.623792150198477e-05,0.484995037317276,-1.0,-1.0,1.0,7.623792150198477e-05,7.623792150198477e-05,0.015736438874085046,0.011902987604983872,-0.01703035550367682
2024-03-19,-0.000794052298820581,0.48582443594932556,-1.0,-1.0,1.0,0.000794052298820581,0.000794052298820581,0.016542986728368847,0.012706491498474914,-0.017810884809559946
2024-03-20,-0.0009782543487731165,0.486104279756546,-1.0,-1.0,1.0,0.0009782543487731165,0.0009782543487731165,0.017537424325850592,0.013697176027813951,-0.018771715582812543
2024-03-21,0.006780030280211767,0.48944661021232605,-1.0,-1.0,1.0,-0.006780030280211767,-0.006780030280211767,0.010638489777672566,0.006824278479380164,-0.012118958102663835
2024-03-22,-0.006866944757079783,0.4905856251716614,-1.0,-1.0,1.0,0.006866944757079783,0.006866944757079783,0.017578488456354346,0.01373808517978481,-0.01890268264393935
2024-03-25,-0.005059854735420729,0.4959772527217865,-1.0,0.0,1.0,0.005059854735420729,-0.0,0.022727287789832573,0.01373808517978481,-0.023866892551071994
2024-03-26,0.0028355898951227965,0.4997945725917816,-1.0,0.0,1.0,-0.0028355898951227965,0.0,0.019827252627109493,0.01373808517978481,-0.021098979375294924
2024-03-27,-0.000541735721696503,0.496203750371933,-1.0,0.0,1.0,0.000541735721696503,-0.0,0.020379729479817366,0.01373808517978481,-0.02162928502617245
2024-03-28,-0.0017533000294245103,0.4907262623310089,-1.0,-1.0,1.0,0.0017533000294245103,0.0017533000294245103,0.022168761289538486,0.015515472194359337,-0.023344662429524154
2024-03-29,-0.0017503055199580492,0.489229291677475,-1.0,-1.0,1.0,0.0017503055199580492,0.0017503055199580492,0.023957868914752378,0.01729293453094405,-0.025054107657970226
2024-04-01,-0.00016180108386803512,0.4912460446357727,-1.0,-1.0,1.0,0.00016180108386803512,0.00016180108386803512,0.02412354640777803,0.0174575336303624,-0.02521185496006384
2024-04-02,-0.005156421839743476,0.49868127703666687,-1.0,0.0,1.0,0.005156421839743476,-0.0,0.029404359429070714,0.0174575336303624,-0.03023827384027089
2024-04-03,0.002914025833319365,0.49681052565574646,-1.0,0.0,1.0,-0.002914025833319365,0.0,0.02640464853276292,0.0174575336303624,-0.027412363118077043
2024-04-04,0.006460427276889821,0.49335262179374695,-1.0,-1.0,1.0,-0.006460427276889821,-0.006460427276889821,0.019773635944255297,0.01088432322701971,-0.02112903141959932
2024-04-05,-0.00011923458450640673,0.4902278184890747,-1.0,-1.0,1.0,0.00011923458450640673,0.00011923458450640673,0.01989522823002776,0.01100485559928388,-0.02124574669282331
2024-04-08,-0.0006067326380173935,0.49563485383987427,-1.0,0.0,1.0,0.0006067326380173935,-0.0,0.02051403195235313,0.01100485559928388,-0.021839588842903046
2024-04-09,0.003058958337697158,0.4982665181159973,-1.0,0.0,1.0,-0.003058958337697158,0.0,0.017392322045575392,0.01100485559928388,-0.01884743689758872
2024-04-10,-0.0004019198697015849,0.4950198233127594,-1.0,0.0,1.0,0.0004019198697015849,-0.0,0.01780123223508734,0.01100485559928388,-0.019241781607908237
2024-04-11,-0.010886717095524747,0.49533703923225403,-1.0,0.0,1.0,0.010886717095524747,-0.0,0.02888174630990714,0.01100485559928388,-0.029919018870653846
2024-04-12,-0.0013847416017447754,0.49869129061698914,-1.0,0.0,1.0,0.0013847416017447754,-0.0,0.030306481667298213,0.01100485559928388,-0.031262330362284985
2024-04-15,-0.007225148247919505,0.49807658791542053,-1.0,0.0,1.0,0.007225148247919505,-0.0,0.0377505987381368,0.01100485559928388,-0.03826160363876152
2024-04-16,-0.0022446258334513653,0.49832212924957275,-1.0,0.0,1.0,0.0022446258334513653,-0.0,0.04007996054074403,0.01100485559928388,-0.0404203464882561
2024-04-17,-0.000403625498250325,0.4914224147796631,-1.0,-1.0,1.0,0.000403625498250325,0.000403625498250325,0.040499763333037286,0.01141292293785856,-0.0408076573040157
2024-04-18,0.004503013980535367,0.48688822984695435,-1.0,-1.0,1.0,-0.004503013980535367,-0.004503013980535367,0.03581437835200485,0.006858516405775283,-0.036488400774833285
2024-04-19,-0.0023658880343129613,0.48720771074295044,-1.0,-1.0,1.0,0.0023658880343129613,0.0023658880343129613,0.03826499919551707,0.009240630921985682,-0.0387679613383618
2024-04-22,0.00132077743040315,0.49141964316368103,-1.0,-1.0,1.0,-0.00132077743040315,-0.00132077743040315,0.03689368221780209,0.00790764867481819,-0.037498387756317086
2024-04-23,-0.00039422626838334047,0.49302271008491516,-1.0,-1.0,1.0,0.00039422626838334047,0.00039422626838334047,0.037302452944853126,0.008304992346030327,-0.03787783117522492
2024-04-24,0.004709463664304997,0.4907742440700531,-1.0,-1.0,1.0,-0.004709463664304997,-0.004709463664304997,0.03241731473381493,0.0035564166220394267,-0.033346751780522266
2024-04-25,-0.0004173729458229782,0.4897627830505371,-1.0,-1.0,1.0,0.0004173729458229782,0.0004173729458229782,0.03284821778978397,0.003975273919944566,-0.03375020669432105
2024-04-26,0.002775201791036396,0.488794207572937,-1.0,-1.0,1.0,-0.002775201791036396,-0.002775201791036396,0.029981855565905047,0.0011890399416056852,-0.031068668537350685
2024-04-29,-0.002122318925900117,0.4858644902706146,-1.0,-1.0,1.0,0.002122318925900117,0.002122318925900117,0.03216780555130616,0.003313882389477607,-0.03312504984001141
2024-04-30,0.0008247938079739085,0.4842642843723297,-1.0,-1.0,1.0,-0.0008247938079739085,-0.0008247938079739085,0.03131647993649733,0.002486355311828392,-0.03232757736803438
2024-05-01,-0.004597165828774006,0.4840278923511505,-1.0,-1.0,1.0,0.004597165828774006,0.004597165828774006,0.036057612816712936,0.007094951328280086,-0.03677612796280505
2024-05-02,0.005143796890728481,0.4885200262069702,-1.0,-1.0,1.0,-0.005143796890728481,-0.005143796890728481,0.030728342889290605,0.0019146594489691804,-0.03182150000474471
2024-05-03,0.0010728188714235368,0.495410293340683,-1.0,0.0,1.0,-0.0010728188714235368,0.0,0.029622558071727978,0.0019146594489691804,-0.030782819839043296
2024-05-06,0.0023316917706926814,0.4989597499370575,-1.0,0.0,1.0,-0.0023316917706926814,0.0,0.027221795626152456,0.0019146594489691804,-0.028522904116048076
2024-05-07,0.0008717944924890549,0.5006219148635864,1.0,0.0,1.0,0.0008717944924890549,0.0,0.028117321930144046,0.0019146594489691804,-0.02767597573427727
2024-05-08,-0.0015815538797213848,0.5007620453834534,1.0,0.0,1.0,-0.0015815538797213848,-0.0,0.026491298990836798,0.0019146594489691804,-0.029213758567200987
2024-05-09,-0.0003331609149222311,0.49674004316329956,-1.0,0.0,0.0,0.0003331609149222311,-0.0,0.02683328577116817,0.0019146594489691804,-0.029537186599590592
2024-05-10,0.003552685995199825,0.4950394630432129,-1.0,0.0,1.0,-0.003552685995199825,0.0,0.023185269537403963,0.0019146594489691804,-0.026089436953560807
2024-05-13,-0.0013687557229370368,0.49612098932266235,-1.0,0.0,1.0,0.0013687557229370368,-0.0,0.02458576023070802,0.0019146594489691804,-0.02742248261035951
2024-05-14,0.0021457068323342014,0.49469566345214844,-1.0,0.0,0.0,-0.0021457068323342014,0.0,0.022387299564668783,0.0019146594489691804,-0.02533561638632187
2024-05-15,0.0019447012704893634,0.48976895213127136,-1.0,-1.0,1.0,-0.0019447012704893634,-0.0019447012704893634,0.02039906168427308,-3.37652621832385e-05,-0.02344018532120762
2024-05-16,0.006934418446712236,0.4884485602378845,-1.0,-1.0,1.0,-0.006934418446712236,-0.006934418446712236,0.013323187607921838,-0.006967949566438536,-0.016668310927981156
2024-05-17,-0.0020233852741519107,0.48957595229148865,-1.0,-1.0,1.0,0.0020233852741519107,0.0020233852741519107,0.0153735308236842,-0.0049586631388305324,-0.018657969787256423
2024-05-20,0.0007065954020106566,0.4938296973705292,-1.0,-1.0,1.0,-0.0007065954020106566,-0.0007065954020106566,0.014656072555480737,-0.005661754772267158,-0.01796455802090824
2024-05-21,-0.0013476122728719713,0.49405592679977417,-1.0,-1.0,1.0,0.0013476122728719713,0.0013476122728719713,0.01602343553160046,-0.004321772349612285,-0.01928796103491448
2024-05-22,-0.0005211701182829347,0.4915482997894287,-1.0,0.0,0.0,0.0005211701182829347,-0.0,0.016552956585674794,-0.004321772349612285,-0.01979907884426335
2024-05-23,-0.0027643117547025264,0.48909977078437805,-1.0,0.0,0.0,0.0027643117547025264,-0.0,0.01936302587284211,-0.004321772349612285,-0.022508659772584316
2024-05-24,-0.00115750095218525,0.4891470670700073,-1.0,0.0,0.0,0.00115750095218525,-0.0,0.020542939545912242,-0.004321772349612285,-0.02364010692965035
2024-05-27,0.003227302320858273,0.49177780747413635,-1.0,-1.0,1.0,-0.003227302320858273,-0.003227302320858273,0.017249338948580162,-0.007535127004536513,-0.020489098380751525
2024-05-28,0.0013134725606132052,0.4945065975189209,-1.0,0.0,0.0,-0.0013134725606132052,0.0,0.015913209854569343,-0.007535127004536513,-0.0192025376886531
2024-05-29,-0.0009228747019577188,0.49555808305740356,-1.0,0.0,1.0,0.0009228747019577188,-0.0,0.01685077045532868,-0.007535127004536513,-0.02010769085436459
2024-05-30,-0.004622998667696261,0.4986286461353302,-1.0,0.0,1.0,0.004622998667696261,-0.0,0.021551670212389462,-0.007535127004536513,-0.024637731694030607
2024-05-31,0.003104909521282527,0.5018656849861145,1.0,0.0,1.0,0.003104909521282527,0.0,0.024723495719713995,-0.007535127004536513,-0.021609320100467677
2024-06-01,0.0,0.5011471509933472,1.0,0.0,1.0,0.0,0.0,0.024723495719713995,-0.007535127004536513,-0.021609320100467677
2024-06-03,0.0016266164009212727,0.4996127486228943,-1.0,0.0,0.0,-0.0016266164009212727,0.0,0.02305666367516679,-0.007535127004536513,-0.020017853774034533
2024-06-04,0.004993990868639649,0.4921489655971527,-1.0,0.0,0.0,-0.004993990868639649,0.0,0.017947528038672056,-0.007535127004536513,-0.015123831884352179
2024-06-05,-0.0023423607924120534,0.4868232309818268,-1.0,0.0,0.0,0.0023423607924120534,-0.0,0.020331928417082645,-0.007535127004536513,-0.01743076720592729
2024-06-06,-0.0006743892561967788,0.48236382007598877,-1.0,0.0,0.0,0.0006743892561967788,-0.0,0.021020029307361465,-0.007535127004536513,-0.018093401339993154
2024-06-07,0.0018284745320394033,0.4812313914299011,-1.0,0.0,0.0,-0.0018284745320394033,0.0,0.019153120187070938,-0.007535127004536513,-0.016298010131501894
2024-06-10,-0.010662943021032207,0.48127490282058716,-1.0,-1.0,1.0,0.010662943021032207,0.010662943021032207,0.03002029183733268,0.0030474693865900626,-0.026787168399145744
2024-06-11,-0.001357260455041113,0.4825732707977295,-1.0,-1.0,1.0,0.001357260455041113,0.001357260455041113,0.03141829764733339,0.004408866051317517,-0.028108071689816216
2024-06-12,-0.002225800503826749,0.48394879698753357,-1.0,-1.0,1.0,0.002225800503826749,0.002225800503826749,0.033714029013892866,0.006644479811422466,-0.030271309233514176
2024-06-13,0.0067570780683288145,0.48734018206596375,-1.0,-1.0,1.0,-0.0067570780683288145,-0.0067570780683288145,0.026729142619519308,-0.00015749552571553416,-0.023718776764906746
2024-06-14,-0.006896604999001071,0.48573818802833557,-1.0,-1.0,1.0,0.006896604999001071,0.006896604999001071,0.03381008795712925,0.0067380232888556435,-0.030451802729500765
2024-06-17,-0.0034198826115551654,0.4873243272304535,-1.0,-1.0,1.0,0.0034198826115551654,0.0034198826115551654,0.03734559710058427,0.010180949149092733,-0.0337675437504108
2024-06-18,0.0035917077512611435,0.48909813165664673,-1.0,-1.0,1.0,-0.0035917077512611435,-0.0035917077512611435,0.03361975487874136,0.006552674403857539,-0.030297119147779106
2024-06-19,0.0001503782682153156,0.4871924817562103,-1.0,-1.0,1.0,-0.0001503782682153156,-0.0001503782682153156,0.03346432093000962,0.006401310755813183,-0.030151296907873215
2024-06-20,0.0008597736998856827,0.4863068163394928,-1.0,-1.0,1.0,-0.0008597736998856827,-0.0008597736998856827,0.032575775487103886,0.005536033377294913,-0.029317446500086386
2024-06-21,-0.0042057311718622144,0.4884084165096283,-1.0,-1.0,1.0,0.0042057311718622144,0.0042057311718622144,0.03691851161337967,0.009765047617300349,-0.033399876373323756
2024-06-24,-0.001743605181274369,0.49291524291038513,-1.0,-1.0,1.0,0.001743605181274369,0.001743605181274369,0.038726488102788226,0.011525679186195736,-0.03508524535709967
2024-06-25,0.004198394017140161,0.49669334292411804,-1.0,0.0,1.0,-0.004198394017140161,0.0,0.03436550502969249,0.011525679186195736,-0.031034153024156685
2024-06-26,-0.0021549847749991156,0.4928950369358063,-1.0,-1.0,1.0,0.0021549847749991156,0.0021549847749991156,0.036594546944815676,0.01370550162436257,-0.03312225967188376
2024-06-27,-0.002759294299526374,0.4895940124988556,-1.0,-1.0,1.0,0.002759294299526374,0.002759294299526374,0.03945481636912085,0.016502613436393254,-0.03579015990911005
2024-06-28,0.0026522078836921812,0.49207666516304016,-1.0,-1.0,1.0,-0.0026522078836921812,-0.0026522078836921812,0.03669796611040499,0.013806637191243532,-0.03323287496968741
2024-07-01,0.002498179976998341,0.4953579902648926,-1.0,0.0,1.0,-0.002498179976998341,0.0,0.03410810800927311,0.013806637191243532,-0.030817716695516473
2024-07-02,0.00017177131184862907,0.49632564187049866,-1.0,0.0,1.0,-0.00017177131184862907,0.0,0.03393047790296699,0.013806637191243532,-0.030651238983292917
2024-07-03,0.001052856180220774,0.4978032410144806,-1.0,0.0,1.0,-0.001052856180220774,0.0,0.03284189780938829,0.013806637191243532,-0.029630654149467084
2024-07-04,0.0041682348697401434,0.4914633333683014,-1.0,-1.0,1.0,-0.0041682348697401434,-0.0041682348697401434,0.02853677019601064,0.009580853014929058,-0.02558592680556604
2024-07-05,0.0016094691090687886,0.4851614236831665,-1.0,-1.0,1.0,-0.0016094691090687886,-0.0016094691090687886,0.026881372036838824,0.007955963818894185,-0.024017637455317598
2024-07-08,0.0014172852076074353,0.48394355177879333,-1.0,0.0,0.0,-0.0014172852076074353,0.0,0.02542598825828346,0.007955963818894185,-0.02263439208999718
2024-07-09,0.0004547759228130968,0.485077828168869,-1.0,0.0,0.0,-0.0004547759228130968,0.0,0.02495964920819671,0.007955963818894185,-0.022189909743734137
2024-07-10,-0.0014935765778125393,0.4869796335697174,-1.0,-1.0,1.0,0.0014935765778125393,0.0014935765778125393,0.02649050493345717,0.009461423237920652,-0.02365034399208965
2024-07-11,0.0017101581900879357,0.48908889293670654,-1.0,0.0,0.0,-0.0017101581900879357,0.0,0.024735043789397837,0.009461423237920652,-0.02198063163147812
2024-07-12,0.003635807059775768,0.49298301339149475,-1.0,0.0,0.0,-0.003635807059775768,0.0,0.02100930488278885,0.009461423237920652,-0.018424741907366426
2024-07-15,0.0011749830043508219,0.4976506233215332,-1.0,0.0,0.0,-0.0011749830043508219,0.0,0.019809636302267508,0.009461423237920652,-0.017271407661616278
2024-07-16,0.0014706445837825762,0.5024422407150269,1.0,0.0,0.0,0.0014706445837825762,0.0,0.02130941382038487,0.009461423237920652,-0.015826163179965436
2024-07-17,8.714869009926246e-05,0.5054799318313599,1.0,0.0,0.0,8.714869009926246e-05,0.0,0.021398419597985496,0.009461423237920652,-0.015740393719256618
2024-07-18,0.0034511861306799033,0.5047985911369324,1.0,0.0,0.0,0.0034511861306799033,0.0,0.024923455657600346,0.009461423237920652,-0.012343530617072052
2024-07-19,-0.0035383348207792247,0.5006954669952393,1.0,0.0,0.0,-0.0035383348207792247,-0.0,0.021296933305813726,0.009461423237920652,-0.015838189893657595
2024-07-22,-0.00021806902047437983,0.4979293644428253,-1.0,0.0,0.0,0.00021806902047437983,-0.0,0.02151964652767302,0.009461423237920652,-0.01605280509557583
2024-07-23,-0.0008607103043199634,0.499363511800766,-1.0,0.0,0.0,0.0008607103043199634,-0.0,0.02239887901350457,0.009461423237920652,-0.016899698585136846
2024-07-24,-0.003598023824621103,0.504024088382721,1.0,0.0,0.0,-0.003598023824621103,-0.0,0.01872026348854794,0.009461423237920652,-0.02043691689161975
2024-07-25,-0.0010302791156022808,0.5049370527267456,1.0,0.0,0.0,-0.0010302791156022808,-0.0,0.017670697276434888,0.009461423237920652,-0.021446140278561288
2024-07-26,0.0010845501051680547,0.5028308629989624,1.0,0.0,0.0,0.0010845501051680547,0.0,0.01877441213819231,0.009461423237920652,-0.02038484958708786
2024-07-29,0.0002279279649853626,0.5035492181777954,1.0,0.0,0.0,0.0002279279649853626,0.0,0.019006619316729978,0.009461423237920652,-0.020161567899385502
2024-07-30,-0.0031643268838695902,0.4995858669281006,-1.0,0.0,0.0,0.0031643268838695902,-0.0,0.022231089357075184,0.009461423237920652,-0.023262096991930048
2024-07-31,-0.0003137327528508791,0.4989270269870758,-1.0,0.0,0.0,0.0003137327528508791,-0.0,0.022551796730788887,0.009461423237920652,-0.023568531663054504
2024-08-01,0.000724951551994476,0.5009605884552002,1.0,0.0,0.0,0.000724951551994476,0.0,0.02329309724282358,0.009461423237920652,-0.02286066615466742
2024-08-02,-0.003360575274129946,0.5001850724220276,1.0,0.0,0.0,-0.003360575274129946,-0.0,0.01985424376204148,0.009461423237920652,-0.026144416439367824
2024-08-05,0.011358892636365093,0.5037597417831421,1.0,0.0,1.0,0.011358892636365093,0.0,0.03143865862167572,0.009461423237920652,-0.01508249542237794
2024-08-06,0.0036727188635254445,0.5024847388267517,1.0,0.0,1.0,0.0036727188635254445,0.0,0.03522684283976507,0.009461423237920652,-0.011465170324299279
2024-08-07,-0.002264177736969769,0.4868404269218445,-1.0,-1.0,1.0,0.002264177736969769,0.002264177736969769,0.037570780410036475,0.011747023318745775,-0.013703388877870148
2024-08-08,0.00017476919764657832,0.48368382453918457,-1.0,-1.0,1.0,-0.00017476919764657832,-0.00017476919764657832,0.03738944499724273,0.011570201103259015,-0.013531014610502767
2024-08-09,-0.001135781683557143,0.48368772864341736,-1.0,-1.0,1.0,0.001135781683557143,0.001135781683557143,0.038567692927585995,0.012719124009304306,-0.014651428015505341
2024-08-12,-0.0001747493716200307,0.48840591311454773,-1.0,-1.0,1.0,0.0001747493716200307,0.0001747493716200307,0.03874918197930999,0.012896096039852534,-0.014823617059286254
2024-08-13,0.0020538861067455733,0.49782463908195496,-1.0,0.0,1.0,-0.0020538861067455733,0.0,0.03661570946604931,0.012896096039852534,-0.012800176973670419
2024-08-14,0.0055381610934357155,0.5020034909248352,1.0,0.0,1.0,0.0055381610934357155,0.0,0.04235665425705837,0.012896096039852534,-0.007332905322339323
2024-08-15,0.0014746939005724669,0.5035604238510132,1.0,0.0,1.0,0.0014746939005724669,0.0,0.0438938112573124,0.012896096039852534,-0.005869025212519086
2024-08-16,-0.003682672252913738,0.5071573853492737,1.0,1.0,1.0,-0.003682672252913738,-0.003682672252913738,0.040049492483606786,0.009165931691881957,-0.009530083769131004
2024-08-19,0.0047515321311987135,0.5075904726982117,1.0,1.0,1.0,0.0047515321311987135,0.0047515321311987135,0.04499132106517956,0.01396101604202693,-0.004823834137174465
2024-08-20,0.005561019879638232,0.49342477321624756,-1.0,-1.0,1.0,-0.005561019879638232,-0.005561019879638232,0.03918010355468682,0.008322358674639041,0.0007103603049309903
2024-08-21,0.0037320558476400963,0.4893034100532532,-1.0,-1.0,1.0,-0.0037320558476400963,-0.0037320558476400963,0.03530182537246418,0.004559243319641082,0.00444506725690097
2024-08-22,0.0024622620655040902,0.49187779426574707,-1.0,-1.0,1.0,-0.0024622620655040902,-0.0024622620655040902,0.03275264096150243,0.0020857552022637282,0.0069182742428903765
2024-08-23,-0.0034299728738610585,0.49879002571105957,-1.0,0.0,1.0,0.0034299728738610585,-0.0,0.03629495450540876,0.0020857552022637282,0.0034645718760422106
2024-08-26,0.006345743377981329,0.5035709142684937,1.0,0.0,1.0,0.006345743377981329,0.0,0.04287101635059698,0.0020857552022637282,0.00983230053806361
2024-08-27,-0.0020788509279929717,0.5078310966491699,1.0,1.0,1.0,-0.0020788509279929717,-0.0020788509279929717,0.04070304297047955,2.5683001330101263e-06,0.007733009722972861
2024-08-28,0.0011842694816812614,0.5084781646728516,1.0,1.0,1.0,0.0011842694816812614,0.0011842694816812614,0.041935515823762426,0.0011868408233737249,0.008926437172070534
2024-08-29,-0.004750552482151741,0.5066952109336853,1.0,1.0,1.0,-0.004750552482151741,-0.004750552482151741,0.03698574647282382,-0.003569349808397404,0.004133479181654298
2024-08-30,-0.004008112199441408,0.5155889987945557,1.0,1.0,1.0,-0.004008112199441408,-0.004008112199441408,0.032829391251739226,-0.007563155653327658,0.00010879953387865626
2024-09-01,0.0,0.5100208520889282,1.0,1.0,1.0,0.0,0.0,0.032829391251739226,-0.007563155653327658,0.00010879953387865626
2024-09-02,-0.0032191761828712752,0.5023638606071472,1.0,0.0,1.0,-0.0032191761828712752,-0.0,0.0295045314744522,-0.007563155653327658,-0.003110726893860827
2024-09-03,0.0020453785580929677,0.4838595986366272,-1.0,-1.0,1.0,-0.0020453785580929677,-0.0020453785580929677,0.027398804980314884,-0.009593064695015752,-0.0010717109498566968
2024-09-04,-0.0016808504021881394,0.48102641105651855,-1.0,-1.0,1.0,0.0016808504021881394,0.0016808504021881394,0.02912570867487374,-0.007928338799478407,-0.002750759966263727
2024-09-05,0.0028546480269664664,0.48013001680374146,-1.0,-1.0,1.0,-0.0028546480269664664,-0.0028546480269664664,0.026187917001104566,-0.010760354209733758,9.603560919235754e-05
2024-09-06,0.002762948065971709,0.48087552189826965,-1.0,-1.0,1.0,-0.002762948065971709,-0.002762948065971709,0.02335261308050285,-0.013493571975852436,0.0028592490165646467
2024-09-09,-0.002153233494915558,0.4834941625595093,-1.0,-1.0,1.0,0.002153233494915558,0.002153233494915558,0.025556130204096972,-0.01136939329208142,0.0006998588908961878
2024-09-10,-0.004491381464581687,0.48502835631370544,-1.0,-1.0,1.0,0.004491381464581687,0.004491381464581687,0.03016229399818382,-0.006929076109795318,-0.00379466590693589
2024-09-11,-0.001499998659979876,0.4882279634475708,-1.0,-1.0,1.0,0.001499998659979876,0.001499998659979876,0.03170753605874288,-0.005439471054695,-0.005288972573140316
2024-09-12,-0.0009143102407975252,0.4894900918006897,-1.0,-1.0,1.0,0.0009143102407975252,0.0009143102407975252,0.03265083682446934,-0.0045301341779871995,-0.0061984470521510016
2024-09-13,0.006063349541865521,0.492725670337677,-1.0,-1.0,1.0,-0.006063349541865521,-0.006063349541865521,0.026389513846102775,-0.010566015932859996,-0.00017268086137933736
2024-09-16,0.0009531874092983568,0.4989224076271057,-1.0,0.0,1.0,-0.0009531874092983568,0.0,0.025411172284468764,-0.010566015932859996,0.0007803419506959841
2024-09-17,0.003699262354885196,0.5044969916343689,1.0,0.0,1.0,0.003699262354885196,0.0,0.02920443723237942,-0.010566015932859996,0.004482490995183497
2024-09-18,-0.000578565328448507,0.5110502243041992,1.0,1.0,1.0,-0.000578565328448507,-0.000578565328448507,0.028608975229111433,-0.01113846813082986,0.003901332252860046
2024-09-19,-0.0007449134913267066,0.514105498790741,1.0,1.0,1.0,-0.0007449134913267066,-0.0007449134913267066,0.027842750526163584,-0.01187508442697316,0.003153512606504094
2024-09-20,0.004232548367000081,0.5139728784561157,1.0,1.0,1.0,0.004232548367000081,0.004232548367000081,0.03219314468143586,-0.007692797929172435,0.007399408368137017
2024-09-23,-0.00010050347335537372,0.5164343118667603,1.0,1.0,1.0,-0.00010050347335537372,-0.00010050347335537372,0.032089405685221895,-0.007792528249616071,0.007298161228539879
2024-09-24,-0.004409974978157959,0.5170970559120178,1.0,1.0,1.0,-0.004409974978157959,-0.004409974978157959,0.027537917230928022,-0.012168138373176651,0.0028560015419774043
2024-09-25,0.00712578174023549,0.5174170732498169,1.0,1.0,1.0,0.00712578174023549,0.00712578174023549,0.034859928158931686,-0.005129064131173422,0.010002134525850748
2024-09-26,-0.0053908146634261515,0.5162985324859619,1.0,1.0,1.0,-0.0053908146634261515,-0.0053908146634261515,0.02928119008362029,-0.010492228960471639,0.004557400208957008
2024-09-27,0.004138093124158529,0.5150471329689026,1.0,1.0,1.0,0.004138093124158529,0.004138093124158529,0.033540451499131096,-0.006397553656831478,0.008714352279584281
2024-09-30,-0.0006591266714528767,0.505862832069397,1.0,1.0,1.0,-0.0006591266714528767,-0.0006591266714528767,0.032859217421522535,-0.007052463530037079,0.008049481746119413
2024-10-01,-0.0029778807029176247,0.496898353099823,-1.0,0.0,1.0,0.0029778807029176247,-0.0,0.03593494895391269,-0.007052463530037079,0.005047630646841661
2024-10-02,-0.006549189271602771,0.48930397629737854,-1.0,-1.0,1.0,0.006549189271602771,0.006549189271602771,0.042719483007680026,-0.000549462176923643,-0.0015346165132403833
2024-10-03,-0.0013930498135304333,0.48672935366630554,-1.0,-1.0,1.0,0.0013930498135304333,0.0013930498135304333,0.04417204318904844,0.000842822208423577,-0.0029255285295232136
2024-10-04,-0.0011704967526170221,0.49264469742774963,-1.0,-1.0,1.0,0.0011704967526170221,0.0011704967526170221,0.045394243174774696,0.002014305481698564,-0.004092600960496795
2024-10-07,-0.005546439110082104,0.49801164865493774,-1.0,0.0,1.0,0.005546439110082104,-0.0,0.05119245869057387,0.002014305481698564,-0.009616340708549664
2024-10-08,0.00010970371752365722,0.4903096556663513,-1.0,-1.0,1.0,-0.00010970371752365722,-0.00010970371752365722,0.05107713897002264,0.001904380787375315,-0.009507691939350638
2024-10-09,0.0,0.4847833812236786,-1.0,-1.0,1.0,-0.0,-0.0,0.05107713897002264,0.001904380787375315,-0.009507691939350638
2024-10-10,-0.0029590431965937944,0.48401594161987305,-1.0,-1.0,1.0,0.0029590431965937944,0.0029590431965937944,0.05418732162718709,0.004869059128981723,-0.012438601464796029
2024-10-11,-0.0008642155597103411,0.48412689566612244,-1.0,-1.0,1.0,0.0008642155597103411,0.0008642155597103411,0.05509836671338664,0.005737482605352451,-0.01329206739157951
2024-10-14,-0.000775923506742071,0.4849837124347687,-1.0,-1.0,1.0,0.000775923506742071,0.000775923506742071,0.05591704233804484,0.006517857959717599,-0.014057677270779223
2024-10-15,-0.001484810288522294,0.48570606112480164,-1.0,-1.0,1.0,0.001484810288522294,0.001484810288522294,0.05748487882633446,0.008012346030797701,-0.015521614575457199
2024-10-16,-0.002299151620178001,0.48563137650489807,-1.0,0.0,0.0,0.002299151620178001,-0.0,0.05991619689880179,0.008012346030797701,-0.017785079650336266
2024-10-17,-0.0019897641570457317,0.48575684428215027,-1.0,0.0,0.0,0.0019897641570457317,-0.0,0.0620251801568632,0.008012346030797701,-0.01973945569336355
2024-10-18,-0.0030369451370040068,0.48629599809646606,-1.0,0.0,0.0,0.0030369451370040068,-0.0,0.06525049236311653,0.008012346030797701,-0.022716453186392482
2024-10-21,0.0036018577389630843,0.48713070154190063,-1.0,0.0,0.0,-0.0036018577389630843,0.0,0.0614136116332642,0.008012346030797701,-0.01919641688014051
2024-10-22,-0.004684178358743221,0.48754388093948364,-1.0,0.0,0.0,0.004684178358743221,-0.0,0.06638546230255216,0.008012346030797701,-0.023790675798368355
2024-10-23,-0.0019021563077478245,0.4882250726222992,-1.0,0.0,0.0,0.0019021563077478245,-0.0,0.06841389413616161,0.008012346030797701,-0.02564757852208077
2024-10-24,-0.0015536373352375663,0.48884719610214233,-1.0,0.0,0.0,0.0015536373352375663,-0.0,0.07007382185157818,0.008012346030797701,-0.027161368821768006
2024-10-25,0.004040108121261029,0.4894201159477234,-1.0,0.0,0.0,-0.004040108121261029,0.0,0.0657506079135668,0.008012346030797701,-0.023230995567268264
2024-10-28,-0.0025512817216714694,0.4907061457633972,-1.0,0.0,0.0,0.0025512817216714694,-0.0,0.06846963795939698,0.008012346030797701,-0.02572300847457276
2024-10-29,0.0018695482944515605,0.49069565534591675,-1.0,-1.0,1.0,-0.0018695482944515605,-0.0018695482944515605,0.06647208237007685,0.0061278182684898486,-0.023901550586743037
2024-10-30,0.0003570095333019306,0.4945736527442932,-1.0,0.0,0.0,-0.0003570095333019306,0.0,0.06609134166967023,0.0061278182684898486,-0.023553074134861296
2024-10-31,0.00355552811789075,0.4951417148113251,-1.0,0.0,1.0,-0.00355552811789075,0.0,0.06230082392812397,0.0061278182684898486,-0.020081289634319877
2024-11-01,0.0024788833789448966,0.4969730079174042,-1.0,0.0,1.0,-0.0024788833789448966,0.0,0.05966750407224919,0.0061278182684898486,-0.017652185430477307
2024-11-04,-0.0010661677399958194,0.5005306005477905,1.0,0.0,1.0,-0.0010661677399958194,-0.0,0.05853772076428543,0.0061278182684898486,-0.01869953297982674
2024-11-05,-4.3521069384201406e-05,0.5043168067932129,1.0,0.0,0.0,-4.3521069384201406e-05,-0.0,0.05849165207069418,0.0061278182684898486,-0.01874224022553872
2024-11-06,0.005539332429711126,0.5059934854507446,1.0,1.0,1.0,0.005539332429711126,0.005539332429711126,0.06435498920558791,0.011701094720658833,-0.013306727294914444
2024-11-07,-0.01858962293453205,0.49782025814056396,-1.0,0.0,1.0,0.01858962293453205,-0.0,0.0841409471234078,0.011701094720658833,-0.03164898318654141
2024-11-08,0.005769485943921089,0.49491333961486816,-1.0,-1.0,1.0,-0.005769485943921089,-0.005769485943921089,0.07788601116774996,0.005864099475218376,-0.0260620956062545
2024-11-11,-0.0074639193703969955,0.4951847493648529,-1.0,0.0,1.0,0.0074639193703969955,-0.0,0.08593126544558483,0.005864099475218376,-0.03333148959642285
2024-11-12,-0.004724823568674232,0.49750590324401855,-1.0,0.0,1.0,0.004724823568674232,-0.0,0.09106209908252239,0.005864099475218376,-0.037898827757472886
2024-11-13,-0.004479643966715406,0.4934036433696747,-1.0,-1.0,1.0,0.004479643966715406,0.004479643966715406,0.09594966883198919,0.010370012519768101,-0.04220869846907893
2024-11-14,-0.004966864548694718,0.48510631918907166,-1.0,-1.0,1.0,0.004966864548694718,0.004966864548694718,0.10139310238926447,0.01538838351601668,-0.04696591812970108
2024-11-15,-0.003227449035962479,0.4847016930580139,-1.0,-1.0,1.0,0.003227449035962479,0.003227449035962479,0.10494779249578645,0.018665497775522955,-0.05004178705847273
2024-11-18,0.00034760225258057047,0.48514020442962646,-1.0,-1.0,1.0,-0.00034760225258057047,-0.00034760225258057047,0.10456371015413102,0.018311407353870157,-0.049711579443796894
2024-11-19,0.005789229842806905,0.4853704571723938,-1.0,-1.0,1.0,-0.005789229842806905,-0.005789229842806905,0.09816913696002527,0.01241616856514649,-0.04421014136023915
2024-11-20,0.0011979117760981743,0.4859602451324463,-1.0,-1.0,1.0,-0.0011979117760981743,-0.0011979117760981743,0.09685362721871327,0.011203383314510207,-0.04306518943309945
2024-11-21,-0.005806694288349814,0.48669755458831787,-1.0,-1.0,1.0,0.005806694288349814,0.005806694288349814,0.10322272091104012,0.017075132224762646,-0.048621817331941375
2024-11-22,-0.0073132804671590685,0.48751601576805115,-1.0,-1.0,1.0,0.0073132804671590685,0.0073132804671590685,0.11129089808680503,0.02451328792289531,-0.05557951281212903
2024-11-25,0.0010054927377039545,0.4887537658214569,-1.0,-1.0,1.0,-0.0010054927377039545,-0.0010054927377039545,0.1101735031593023,0.02348314725220768,-0.054629904870922896
2024-11-26,-0.0034002086829326983,0.4895596206188202,-1.0,-1.0,1.0,0.0034002086829326983,0.0034002086829326983,0.1139483247443065,0.026963203536330083,-0.05784436047696562
2024-11-27,0.00448025683300722,0.4904082119464874,-1.0,-1.0,1.0,-0.00448025683300722,-0.00448025683300722,0.10895755015075381,0.022362144626439484,-0.05362326123523631
2024-11-28,0.006768694192798784,0.490362286567688,-1.0,-1.0,1.0,-0.006768694192798784,-0.006768694192798784,0.10145135562098795,0.0154420879151691,-0.04721752649935951
2024-11-29,5.281773593705406e-05,0.4901943802833557,-1.0,-1.0,1.0,-5.281773593705406e-05,-5.281773593705406e-05,0.10139317945413939,0.015388454563110221,-0.04716720268626862
2024-12-01,0.0,0.4891045093536377,-1.0,-1.0,1.0,-0.0,-0.0,0.10139317945413939,0.015388454563110221,-0.04716720268626862
2024-12-02,-0.0016992399754418089,0.48948144912719727,-1.0,-1.0,1.0,0.0016992399754418089,0.0016992399754418089,0.10326471077334687,0.01711384321570608,-0.04878629426537617
2024-12-03,-0.004167117568172117,0.49120721220970154,-1.0,-1.0,1.0,0.004167117568172117,0.004167117568172117,0.10786214453195475,0.021352276180601315,-0.052750113609629
2024-12-04,0.0009139811661724639,0.49358421564102173,-1.0,-1.0,1.0,-0.0009139811661724639,-0.0009139811661724639,0.10684957939713713,0.020418779436144785,-0.05188434505380923
2024-12-05,0.0003153593821823031,0.4950026571750641,-1.0,0.0,1.0,-0.0003153593821823031,0.0,0.10650052399760979,0.020418779436144785,-0.05158534788662805
2024-12-06,0.006773005972460674,0.4994610548019409,-1.0,0.0,1.0,-0.006773005972460674,0.0,0.09900618934004313,0.020418779436144785,-0.045161729783494975
2024-12-09,-0.001903646640996115,0.501048743724823,1.0,0.0,1.0,-0.001903646640996115,-0.0,0.09691406989927209,0.020418779436144785,-0.046979404449287165
2024-12-10,-0.0009714799294297815,0.5047584176063538,1.0,0.0,1.0,-0.0009714799294297815,-0.0,0.09584843989605574,0.020418779436144785,-0.04790524483019798
2024-12-11,-0.0021088709645177175,0.5022836923599243,1.0,0.0,0.0,-0.0021088709645177175,-0.0,0.09353743693964689,0.020418779436144785,-0.04991308981484521
2024-12-12,-0.0024826807922637144,0.4991949796676636,-1.0,0.0,1.0,0.0024826807922637144,-0.0,0.0962523413299583,0.020418779436144785,-0.05227185233774312
2024-12-13,-0.0031261282522741423,0.4976470172405243,-1.0,0.0,0.0,0.0031261282522741423,-0.0,0.09967936674581157,0.020418779436144785,-0.05523457207562554
2024-12-16,0.0034308317144111627,0.5032299160957336,1.0,0.0,0.0,0.0034308317144111627,0.0,0.1034521815929268,0.020418779436144785,-0.05199324088282331
2024-12-17,0.0006939144774902469,0.5030263066291809,1.0,0.0,0.0,0.0006939144774902469,0.0,0.10421788303695223,0.020418779436144785,-0.05133540526791336
2024-12-18,-0.0021222625439105583,0.49984294176101685,-1.0,0.0,0.0,0.0021222625439105583,-0.0,0.10656132329043788,0.020418779436144785,-0.053348720604047384
2024-12-19,-0.013892921674058333,0.4969004690647125,-1.0,0.0,1.0,0.013892921674058333,-0.0,0.1219346930824543,0.020418779436144785,-0.0665004726813424
2024-12-20,0.0014189884036627928,0.49305540323257446,-1.0,-1.0,1.0,-0.0014189884036627928,-0.0014189884036627928,0.12034268076330323,0.018970817021245034,-0.06517584767725249
2024-12-23,0.006551310157174737,0.49322736263275146,-1.0,-1.0,1.0,-0.006551310157174737,-0.006551310157174737,0.11300296837930235,0.01229522315782905,-0.05905152471296815
2024-12-24,-0.002615307224549931,0.4969242513179779,-1.0,0.0,1.0,0.002615307224549931,-0.0,0.11591381308345006,0.01229522315782905,-0.061512394058315545
2024-12-25,-0.000312110508902009,0.4964444041252136,-1.0,0.0,1.0,0.000312110508902009,-0.0,0.11626210151154237,0.01229522315782905,-0.061805305902604246
2024-12-26,-0.0002911159457427181,0.4984896183013916,-1.0,0.0,1.0,0.0002911159457427181,-0.0,0.11658706320892076,0.01229522315782905,-0.06207842933826724
2024-12-27,0.0022696037204858978,0.4935941994190216,-1.0,-1.0,1.0,-0.0022696037204858978,-0.0022696037204858978,0.11405285305601542,0.009997714153120008,-0.05994971905196944
2024-12-30,0.0005943154668251187,0.48663848638534546,-1.0,-1.0,1.0,-0.0005943154668251187,-0.0005943154668251187,0.11339075421458356,0.009397456890140932,-0.05939103263040879
2024-12-31,-0.002229418304886993,0.4881795644760132,-1.0,-1.0,1.0,0.002229418304886993,0.002229418304886993,0.11587296794252144,0.011647826057438193,-0.06148804348000336
2025-01-01,0.0,0.48928961157798767,-1.0,-1.0,1.0,-0.0,-0.0,0.11587296794252144,0.011647826057438193,-0.06148804348000336
2025-01-02,-0.005230906422146218,0.49292317032814026,-1.0,-1.0,1.0,0.005230906422146218,0.005230906422146218,0.12170999501683144,0.016939661167712394,-0.0663973117006248
2025-01-03,-0.008113997132924225,0.4980265498161316,-1.0,0.0,1.0,0.008113997132924225,-0.0,0.13081154670037054,0.016939661167712394,-0.07397256123677631
2025-01-06,0.003610662579582716,0.5056757926940918,1.0,1.0,1.0,0.003610662579582716,0.003610662579582716,0.13489452563660165,0.02061148714798411,-0.07062898861596723
2025-01-07,0.007831709997193285,0.5051586031913757,1.0,1.0,1.0,0.007831709997193285,0.007831709997193285,0.14378269043878955,0.028604620335131115,-0.06335042437500937
2025-01-08,-0.003939010992033952,0.5071095824241638,1.0,1.0,1.0,-0.003939010992033952,-0.003939010992033952,0.13927731784865305,0.024552935429174028,-0.06703989734908022
2025-01-09,-0.0029853923848209975,0.5071555376052856,1.0,1.0,1.0,-0.0029853923848209975,-0.0029853923848209975,0.13587612801974847,0.021494242897897697,-0.06982514933487605
2025-01-10,-0.0016592591806951788,0.5073774456977844,1.0,1.0,1.0,-0.0016592591806951788,-0.0016592591806951788,0.13399141512619916,0.019799319197342014,-0.07136855049549395
2025-01-13,-0.00517668789558367,0.506324827671051,1.0,1.0,1.0,-0.00517668789558367,-0.00517668789558367,0.12812109549381967,0.014520136405728579,-0.07617578567960226
2025-01-14,0.002030483986235354,0.5102940201759338,1.0,1.0,1.0,0.002030483986235354,0.002030483986235354,0.13041172731275408,0.016580103296413684,-0.07429997540632827
2025-01-15,0.004042511093745486,0.5119465589523315,1.0,1.0,1.0,0.004042511093745486,0.004042511093745486,0.13498142926091572,0.020689639641670254,-0.07055782278742795
2025-01-16,-0.0011228832625102638,0.5144871473312378,1.0,1.0,1.0,-0.0011228832625102638,-0.0011228832625102638,0.1337069776107387,0.019543524329098894,-0.07160147785169113
2025-01-17,0.0006487944949136819,0.5182231068611145,1.0,1.0,1.0,0.0006487944949136819,0.0006487944949136819,0.13444252045665772,0.020204998555008347,-0.07099913800143542
2025-01-20,-0.002387160083696559,0.505609929561615,1.0,1.0,1.0,-0.002387160083696559,-0.002387160083696559,0.1317344245545755,0.017769605905270103,-0.07321681177691808
2025-01-21,0.013846491055078888,0.518204391002655,1.0,1.0,1.0,0.013846491055078888,0.013846491055078888,0.14740497514089523,0.03186214364956852,-0.0603841166511897
2025-01-22,-0.0014162053621806219,0.4986059367656708,-1.0,0.0,1.0,0.0014162053621806219,-0.0,0.14902993621928262,0.03186214364956852,-0.061714805703578346
2025-01-23,0.00040591449116566636,0.4893395006656647,-1.0,-1.0,1.0,-0.00040591449116566636,-0.00040591449116566636,0.14856352831738806,0.03144329585257588,-0.061333942146367226
2025-01-24,0.0005623270136917337,0.4889429211616516,-1.0,-1.0,1.0,-0.0005623270136917337,-0.0005623270136917337,0.14791766001847417,0.030863287424226726,-0.06080610486520066
2025-01-27,0.004938921534779492,0.4918266534805298,-1.0,-1.0,1.0,-0.004938921534779492,-0.004938921534779492,0.1422481847672552,0.02577193453455373,-0.05616749991118597
2025-01-28,-0.002153932561904579,0.4938127100467682,-1.0,0.0,0.0,0.002153932561904579,-0.0,0.1447085103262018,0.02577193453455373,-0.05820045146611108
2025-01-29,-0.0015342817485930794,0.49510279297828674,-1.0,0.0,0.0,0.0015342817485930794,-0.0,0.1464648157010544,0.02577193453455373,-0.059645437324259754
2025-01-30,-0.0003649282085413558,0.49762991070747375,-1.0,0.0,0.0,0.0003649282085413558,-0.0,0.14688319305240394,0.02577193453455373,-0.059988599230210715
2025-01-31,-0.0026861791364861222,0.5033228397369385,1.0,0.0,0.0,-0.0026861791364861222,-0.0,0.14380245934724,0.02577193453455373,-0.0625136382430177
2025-02-01,0.0,0.5066975951194763,1.0,0.0,0.0,0.0,0.0,0.14380245934724,0.02577193453455373,-0.0625136382430177
2025-02-03,-0.01448189426502745,0.509766697883606,1.0,1.0,1.0,-0.01448189426502745,-0.01448189426502745,0.12723803307089487,0.010916813838591777,-0.0760902166088876
2025-02-04,0.007736208334642574,0.5111461281776428,1.0,1.0,1.0,0.007736208334642574,0.007736208334642574,0.13595858133746397,0.018737476919440166,-0.06894265804215938
2025-02-05,0.004388368698745603,0.5057488679885864,1.0,1.0,1.0,0.004388368698745603,0.004388368698745603,0.14094358641887683,0.02320807257539248,-0.06485683514597429
2025-02-06,0.0027005333349387236,0.5007989406585693,1.0,0.0,1.0,0.0027005333349387236,0.0,0.1440247426072856,0.02320807257539248,-0.062331449856345866
2025-02-07,-0.0014550635639053737,0.49878719449043274,-1.0,0.0,1.0,0.0014550635639053737,-0.0,0.14568937132645976,0.02320807257539248,-0.0636958171986799
2025-02-10,-0.0071612243912707796,0.49935853481292725,-1.0,0.0,1.0,0.0071612243912707796,-0.0,0.15389390999722252,0.02320807257539248,-0.07040090155020551
2025-02-11,-0.0009790906251212763,0.5017760992050171,1.0,0.0,1.0,-0.0009790906251212763,-0.0,0.15276414328755972,0.02320807257539248,-0.07131106331261883
2025-02-12,0.006137893242324767,0.5045759081840515,1.0,0.0,1.0,0.006137893242324767,0.0,0.1598396865326388,0.02320807257539248,-0.06561086976390351
2025-02-13,0.0026050744738818675,0.5042985081672668,1.0,0.0,1.0,0.0026050744738818675,0.0,0.16286115529382017,0.02320807257539248,-0.0631767164920527
2025-02-14,0.0066834911027321,0.49834537506103516,-1.0,0.0,1.0,-0.0066834911027321,0.0,0.15508918310870112,0.02320807257539248,-0.056915466411895155
2025-02-17,0.002629322305061365,0.49052929878234863,-1.0,-1.0,1.0,-0.002629322305061365,-0.002629322305061365,0.1520520813552182,0.02051772876745117,-0.05443579321217362
2025-02-18,-0.0003670411630294712,0.4960702359676361,-1.0,0.0,1.0,0.0003670411630294712,-0.0,0.15247493189102923,0.02051772876745117,-0.05478285419835205
2025-02-19,-0.0035378371130214345,0.5016547441482544,1.0,0.0,1.0,-0.0035378371130214345,-0.0,0.14839766330515824,0.02051772876745117,-0.05812687849663334
2025-02-20,-0.002619032156404236,0.5017985701560974,1.0,0.0,1.0,-0.002619032156404236,-0.0,0.1453899728966226,0.02051772876745117,-0.060593674489103466
2025-02-21,0.0076049269657811865,0.5003114342689514,1.0,0.0,1.0,0.0076049269657811865,0.0,0.15410057998783944,0.02051772876745117,-0.053449557992400254
2025-02-24,-0.0024541613434621305,0.5031692385673523,1.0,0.0,1.0,-0.0024541613434621305,-0.0,0.15126823095796604,0.02051772876745117,-0.05577254549681232
2025-02-25,-0.001287627798320897,0.4993293881416321,-1.0,0.0,1.0,0.001287627798320897,-0.0,0.15275063593547134,0.02051772876745117,-0.05698835901516841
2025-02-26,0.005980862832362414,0.49728262424468994,-1.0,0.0,1.0,-0.005980862832362414,0.0,0.14585619250202275,0.02051772876745117,-0.05134833574111719
2025-02-27,-0.0033620277203350937,0.4974965751171112,-1.0,0.0,1.0,0.0033620277203350937,-0.0,0.14970859278473214,0.02051772876745117,-0.05453772893329756
2025-02-28,-0.008969571024957386,0.49849215149879456,-1.0,0.0,1.0,0.008969571024957386,-0.0,0.16002098566571843,0.02051772876745117,-0.06301811992504791
2025-03-01,0.0,0.49383795261383057,-1.0,-1.0,1.0,-0.0,-0.0,0.16002098566571843,0.02051772876745117,-0.06301811992504791
2025-03-03,0.0018000872765831179,0.48891156911849976,-1.0,-1.0,1.0,-0.0018000872765831179,-0.0018000872765831179,0.1579328466488521,0.0186807077883695,-0.06133147076433609
2025-03-04,0.006812887153838506,0.4817798435688019,-1.0,-1.0,1.0,-0.006812887153838506,-0.006812887153838506,0.15004398083291037,0.01174055108041494,-0.054936427999794035
2025-03-05,0.013448043458163524,0.48172727227211,-1.0,-1.0,1.0,-0.013448043458163524,-0.013448043458163524,0.13457813939986996,-0.0018653798189007809,-0.04222717201280812
2025-03-06,0.01568010434631488,0.4850294589996338,-1.0,-1.0,1.0,-0.01568010434631488,-0.01568010434631488,0.11678783578503227,-0.017516234815009746,-0.027209194129903858
2025-03-07,-0.000647444013491739,0.4846499264240265,-1.0,-1.0,1.0,0.000647444013491739,0.000647444013491739,0.11751089338365173,-0.016880131582887814,-0.027839021713544243
2025-03-10,0.00671099553549719,0.48527801036834717,-1.0,-1.0,1.0,-0.00671099553549719,-0.00671099553549719,0.11001128276728456,-0.02347784463069358,-0.0213148537284793
2025-03-11,-0.001952945686590632,0.48586180806159973,-1.0,-1.0,1.0,0.001952945686590632,0.001952945686590632,0.11217907451403186,-0.021570749899505026,-0.02322617266342064
2025-03-12,0.006874012208263975,0.48853135108947754,-1.0,-1.0,1.0,-0.006874012208263975,-0.006874012208263975,0.10453394197804666,-0.028296484509618414,-0.01651181744959629
2025-03-13,-0.002561529979828587,0.48804548382759094,-1.0,-1.0,1.0,0.002561529979828587,0.002561529979828587,0.10736323878416165,-0.025807436823185093,-0.019031051914006336
2025-03-14,-0.0028155966319873735,0.48713189363479614,-1.0,-1.0,1.0,0.0028155966319873735,0.0028155966319873735,0.11048112698966905,-0.023064503523397284,-0.021793064780321503
2025-03-17,0.002358530074516342,0.48442602157592773,-1.0,-1.0,1.0,-0.002358530074516342,-0.002358530074516342,0.10786202385448118,-0.025368635272699946,-0.019485934304505403
2025-03-18,0.0034771243239103676,0.4805968105792999,-1.0,-1.0,1.0,-0.0034771243239103676,-0.0034771243239103676,0.10400984986380024,-0.02875754969783917,-0.016076564996739262
2025-03-19,0.0018579471337151732,0.48078373074531555,-1.0,-1.0,1.0,-0.0018579471337151732,-0.0018579471337151732,0.10195865792765257,-0.030562066824520562,-0.014248487270879684
2025-03-20,-0.002523804174013747,0.4821043610572815,-1.0,-1.0,1.0,0.002523804174013747,0.002523804174013747,0.10473978578812093,-0.0281153953223251,-0.01673633105324579
2025-03-21,-0.005072068371072948,0.48839864134788513,-1.0,-1.0,1.0,0.005072068371072948,0.005072068371072948,0.11034310151388271,-0.023185930158606705,-0.02172351160893582
2025-03-24,-0.0019306529647782715,0.4920822083950043,-1.0,-1.0,1.0,0.0019306529647782715,0.0019306529647782715,0.1124867887147416,-0.02130004117863038,-0.023612224011620886
2025-03-25,-0.0029753684650426575,0.4932972192764282,-1.0,-1.0,1.0,0.0029753684650426575,0.0029753684650426575,0.1157968468236601,-0.01838804818441475,-0.02651733740994988
2025-03-26,-0.0014897398063046796,0.4982950687408447,-1.0,0.0,0.0,0.0014897398063046796,-0.0,0.11745909380212272,-0.01838804818441475,-0.0279675732831578
2025-03-27,-0.004219871121378601,0.5065928101539612,1.0,1.0,1.0,-0.004219871121378601,-0.004219871121378601,0.11274356044286526,-0.022530324112281397,-0.032069424849703765
2025-03-28,0.005471904928493531,0.5121377110481262,1.0,0.0,0.0,0.005471904928493531,0.0,0.11883238741540203,-0.022530324112281397,-0.026773000765099364
2025-03-31,0.002119260589161071,0.5116159319877625,1.0,1.0,1.0,0.002119260589161071,0.002119260589161071,0.1212034847999286,-0.02045881115107251,-0.024710479141313302
2025-04-01,-0.00046531882945168224,0.5075950026512146,1.0,0.0,0.0,-0.00046531882945168224,-0.0,0.12068176770680439,-0.02045881115107251,-0.02516429971953571
2025-04-02,-0.0021182604350527302,0.505855143070221,1.0,0.0,0.0,-0.0021182604350527302,-0.0,0.11830787185798619,-0.02045881115107251,-0.02722925561411671
2025-04-03,0.010385541263550277,0.5098305940628052,1.0,1.0,1.0,0.010385541263550277,0.010385541263550277,0.1299221044065204,-0.010285745714934902,-0.01712650490832257
2025-04-04,0.012304011200254634,0.5098251104354858,1.0,1.0,1.0,0.012304011200254634,0.012304011200254634,0.1438246786345534,0.001891709554840082,-0.005033218416281238
2025-04-07,-0.005374859221748646,0.5138633251190186,1.0,1.0,1.0,-0.005374859221748646,-0.005374859221748646,0.13767678201253086,-0.0034933173394542383,-0.01038102479761005
2025-04-08,-0.006318140368247303,0.5158747434616089,1.0,1.0,1.0,-0.006318140368247303,-0.006318140368247303,0.13048878041007983,-0.009789386438399994,-0.016633576394019745
2025-04-09,0.00594474617600662,0.5167617797851562,1.0,1.0,1.0,0.00594474617600662,0.00594474617600662,0.13720924926444122,-0.0039028356799883923,-0.010787712607674749
2025-04-10,-0.0025880638328910897,0.517859160900116,1.0,1.0,1.0,-0.0025880638328910897,-0.0025880638328910897,0.13426607913599065,-0.006480798725010395,-0.013347857151726372
2025-04-11,0.02753679368654884,0.5188724398612976,1.0,1.0,1.0,0.02753679368654884,0.02753679368654884,0.16550013014280918,0.020877534544123888,0.013821379346278029
2025-04-14,0.007548715960574773,0.5183558464050293,1.0,1.0,1.0,0.007548715960574773,0.007548715960574773,0.17429815957727013,0.028583849082929325,0.021474428973721205
2025-04-15,-0.0003062899835378224,0.5183714628219604,1.0,1.0,1.0,-0.0003062899835378224,-0.0003062899835378224,0.17393848381330468,0.028268804152726368,0.02116156158768656
2025-04-16,-0.004152990399168905,0.5180284380912781,1.0,1.0,1.0,-0.004152990399168905,-0.004152990399168905,0.16906312856081307,0.023998413681315167,0.016920687426412506
2025-04-17,0.009177768277881679,0.5180773138999939,1.0,1.0,1.0,0.009177768277881679,0.009177768277881679,0.1797925190569596,0.033396433839000705,0.02625374985259632
2025-04-18,0.0,0.51784348487854,1.0,1.0,1.0,0.0,0.0,0.1797925190569596,0.033396433839000705,0.02625374985259632
2025-04-21,0.0,0.5154414176940918,1.0,1.0,1.0,0.0,0.0,0.1797925190569596,0.033396433839000705,0.02625374985259632
2025-04-22,0.01012583360643525,0.4961884617805481,-1.0,0.0,1.0,-0.01012583360643525,0.0,0.16784613631887169,0.033396433839000705,0.03664542456158393
2025-04-23,-0.014129519405897227,0.4936452805995941,-1.0,-1.0,1.0,0.014129519405897227,0.014129519405897227,0.18434724096509125,0.04799782880491388,0.021998122918206464
2025-04-24,-0.0021091061414329868,0.4918186366558075,-1.0,-1.0,1.0,0.0021091061414329868,0.0021091061414329868,0.18684515500459975,0.050208167461854636,0.019842620400626565
2025-04-25,0.003927005358487813,0.4822855591773987,-1.0,-1.0,1.0,-0.003927005358487813,-0.003927005358487813,0.18218440772120137,0.04608399436070432,0.023847547835754046
2025-04-28,-0.0025327013127678976,0.4805384576320648,-1.0,-1.0,1.0,0.0025327013127678976,0.0025327013127678976,0.1851785277225706,0.04873341266648712,0.021254447807276255
2025-04-29,0.005801755768966738,0.4794805347919464,-1.0,-1.0,1.0,-0.005801755768966738,-0.005801755768966738,0.1783024113621008,0.04264891753944111,0.027179516691425043
2025-04-30,-0.0017440288024672278,0.47982490062713623,-1.0,-1.0,1.0,0.0017440288024672278,0.0017440288024672278,0.18035740470553296,0.04446732728249114,0.02538808602901077
2025-05-01,-0.005667270687163898,0.4805038869380951,-1.0,-1.0,1.0,0.005667270687163898,0.005667270687163898,0.1870468096255975,0.050386606350099505,0.01957693418609141
2025-05-02,-0.0025109355398079715,0.48587316274642944,-1.0,-1.0,1.0,0.0025109355398079715,0.0025109355398079715,0.1900274076473023,0.05302405941052246,0.01701684222647515
2025-05-05,0.002363767033181694,0.49804064631462097,-1.0,0.0,1.0,-0.002363767033181694,0.0,0.18721446009252296,0.05302405941052246,0.019420833110320723
2025-05-06,-0.0008714538758396441,0.5008180141448975,1.0,0.0,1.0,-0.0008714538758396441,-0.0,0.18617985744982235,0.05302405941052246,0.01853245487419497
2025-05-07,0.002594115160183952,0.4961923360824585,-1.0,0.0,1.0,-0.002594115160183952,0.0,0.18310277029890698,0.05302405941052246,0.02117464535652358
2025-05-08,-0.0032274857133955054,0.4952365458011627,-1.0,0.0,1.0,0.0032274857133955054,-0.0,0.18692121758752545,0.05302405941052246,0.017878818777753658
2025-05-09,-0.007277214631164086,0.4998170733451843,-1.0,0.0,1.0,0.007277214631164086,-0.0,0.19555869803819248,0.05302405941052246,0.01047149614499232
2025-05-12,0.00048270107969245125,0.5120196342468262,1.0,1.0,1.0,0.00048270107969245125,0.00048270107969245125,0.1961357955125711,0.05353235526094191,0.010959251827179939
2025-05-13,-0.012010660324811111,0.5164483785629272,1.0,1.0,1.0,-0.012010660324811111,-0.012010660324811111,0.18176941477032194,0.040878736000704574,-0.0011830363487415063
2025-05-14,0.008076757706772764,0.5179972648620605,1.0,1.0,1.0,0.008076757706772764,0.008076757706772764,0.19131427999869666,0.0492856613535142,0.006884166260084257
2025-05-15,-0.00032425159137525964,0.5180290937423706,1.0,1.0,1.0,-0.00032425159137525964,-0.00032425159137525964,0.19092799444757902,0.048945428808013114,0.0065576824668438505
2025-05-16,0.0009621084651180851,0.5186261534690857,1.0,1.0,1.0,0.0009621084651180851,0.0009621084651180851,0.19207379635238309,0.04995462808451623,0.007526100133774971
2025-05-19,-0.00045882807253922446,0.517432689666748,1.0,0.0,0.0,-0.00045882807253922446,-0.0,0.1915268394300782,0.04995462808451623,0.007063818875217676
2025-05-20,0.00409175580635506,0.5173916220664978,1.0,0.0,0.0,0.00409175580635506,0.0,0.1964022762937443,0.04995462808451623,0.011184478103470452
2025-05-21,0.004842086185194891,0.5164646506309509,1.0,0.0,0.0,0.004842086185194891,0.0,0.20219535922772214,0.04995462808451623,0.01608072049557885
2025-05-22,0.003822646550956042,0.5140320062637329,1.0,0.0,0.0,0.003822646550956042,0.0,0.20679092717124936,0.04995462808451623,0.01996483795727433
2025-05-23,-0.004364242923425007,0.49596118927001953,-1.0,0.0,0.0,0.004364242923425007,-0.0,0.21205765593520987,0.04995462808451623,0.015513463631076974
2025-05-26,0.008030940913750891,0.4918435513973236,-1.0,-1.0,1.0,-0.008030940913750891,-0.008030940913750891,0.20232369251633475,0.04152250450425021,0.023668992254616716
2025-05-27,0.0013771138296125233,0.49016836285591125,-1.0,-1.0,1.0,-0.0013771138296125233,-0.0013771138296125233,0.20066795593169973,0.0400882094594448,0.02507870098079623
2025-05-28,-0.004522343467707766,0.4889961779117584,-1.0,-1.0,1.0,0.004522343467707766,0.004522343467707766,0.20609778881909335,0.04479184557933347,0.020442943013529336
2025-05-29,-0.009163703876655521,0.4926864802837372,-1.0,-1.0,1.0,0.009163703876655521,0.009163703876655521,0.2171501118021204,0.05436600866496688,0.011091906060730405
2025-05-30,0.012798111458263317,0.496847003698349,-1.0,0.0,1.0,-0.012798111458263317,0.0,0.20157288900983916,0.05436600866496688,0.02403197296904369
2025-06-01,0.0,0.49972155690193176,-1.0,0.0,1.0,-0.0,0.0,0.20157288900983916,0.05436600866496688,0.02403197296904369
2025-06-02,-0.0022049726468498553,0.5040167570114136,1.0,0.0,1.0,-0.0022049726468498553,-0.0,0.1989234536563762,0.05436600866496688,0.021774010479147288
2025-06-03,0.008780564361130163,0.5063300728797913,1.0,1.0,1.0,0.008780564361130163,0.008780564361130163,0.2094506782052743,0.06362393726423754,0.030745762940689314
2025-06-04,-0.006040683214396936,0.506623387336731,1.0,1.0,1.0,-0.006040683214396936,-0.006040683214396936,0.20214476979479867,0.05719892199997467,0.024519354312182884
2025-06-05,0.0032955128033733162,0.5036537051200867,1.0,0.0,1.0,0.0032955128033733162,0.0,0.20610645327516575,0.05719892199997467,0.027895670961622487
2025-06-06,0.002779412678818525,0.4979018270969391,-1.0,0.0,1.0,-0.002779412678818525,0.0,0.20275418570692794,0.05719892199997467,0.030752617221995848
2025-06-09,-0.004023623614523357,0.49311721324920654,-1.0,-1.0,1.0,0.004023623614523357,0.004023623614523357,0.20759361585100522,0.06145269254778252,0.026605256650609643
2025-06-10,0.0017697730981871202,0.4899629056453705,-1.0,-1.0,1.0,-0.0017697730981871202,-0.0017697730981871202,0.20545644915612948,0.05957416212751321,0.02842211501628733
2025-06-11,0.0008232114164616173,0.4915076494216919,-1.0,-1.0,1.0,-0.0008232114164616173,-0.0008232114164616173,0.2044641036451369,0.058701908580662154,0.029268723842310385
2025-06-12,0.006264395784009404,0.490619421005249,-1.0,-1.0,1.0,-0.006264395784009404,-0.006264395784009404,0.19691886379227164,0.05206978080802682,0.035716470496560904
2025-06-13,0.007868715947294892,0.4884313941001892,-1.0,-1.0,1.0,-0.007868715947294892,-0.007868715947294892,0.1875006492411313,0.04379134254611561,0.043866229204833296
2025-06-16,-0.003763006263429779,0.48820194602012634,-1.0,-1.0,1.0,0.003763006263429779,0.003763006263429779,0.19196922162205254,0.047719135905830434,0.03993815404615275
2025-06-17,-0.00046212368991682803,0.49679771065711975,-1.0,0.0,1.0,0.00046212368991682803,-0.0,0.19252005883701595,0.047719135905830434,0.03945757398911964
2025-06-18,-0.005965765260147934,0.49981051683425903,-1.0,0.0,0.0,0.005965765260147934,-0.0,0.1996343535760554,0.047719135905830434,0.03325641410481772
2025-06-19,-0.00044775907821049477,0.5019024610519409,1.0,0.0,0.0,-0.00044775907821049477,-0.0,0.19909720640370865,0.047719135905830434,0.032793764165283124
2025-06-20,0.003069228728114232,0.5004202127456665,1.0,0.0,1.0,0.003069228728114232,0.0,0.20277750999740451,0.047719135905830434,0.035963644456476374
2025-06-23,-0.0010355737465834497,0.5007654428482056,1.0,0.0,0.0,-0.0010355737465834497,-0.0,0.20153194518507012,0.047719135905830434,0.034890827703862204
2025-06-24,0.008500688032483909,0.49843648076057434,-1.0,0.0,0.0,-0.008500688032483909,0.0,0.19131809695798818,0.047719135905830434,0.04368811177785181
2025-06-25,0.00113727887091598,0.492510586977005,-1.0,0.0,0.0,-0.00113727887091598,0.0,0.1899632360577781,0.047719135905830434,0.044875076215203036
2025-06-26,0.006138461676132699,0.4896816611289978,-1.0,0.0,0.0,-0.006138461676132699,0.0,0.18265869233723042,0.047719135905830434,0.05128900182689633
2025-06-27,0.000724660809128604,0.48571640253067017,-1.0,0.0,0.0,-0.000724660809128604,0.0,0.18180166593231828,0.047719135905830434,0.05205082976558839
2025-06-30,0.0030093924011487484,0.48466628789901733,-1.0,0.0,0.0,-0.0030093924011487484,0.0,0.17824516097919663,0.047719135905830434,0.05521686353830724
2025-07-01,0.005079122744651506,0.48089149594306946,-1.0,0.0,0.0,-0.005079122744651506,0.0,0.17226070918329173,0.047719135905830434,0.06057643951044467
2025-07-02,0.0015571728454564678,0.47939711809158325,-1.0,0.0,0.0,-0.0015571728454564678,0.0,0.17043529663915602,0.047719135905830434,0.06222794034258117
2025-07-03,-0.00044854130647288505,0.47991493344306946,-1.0,0.0,0.0,0.00044854130647288505,-0.0,0.17096028521625262,0.047719135905830434,0.06175148723444801
2025-07-04,-0.0024396416038004946,0.48252177238464355,-1.0,0.0,0.0,0.0024396416038004946,-0.0,0.17381700864446414,0.047719135905830434,0.059161194133293904
2025-07-07,0.0007889830282926394,0.48349860310554504,-1.0,0.0,0.0,-0.0007889830282926394,0.0,0.17289088694632238,0.047719135905830434,0.05999685433969115
2025-07-08,-0.0037627227491737413,0.48441919684410095,-1.0,0.0,0.0,0.0037627227491737413,-0.0,0.17730415016893386,0.047719135905830434,0.05600838006181452
2025-07-09,-0.0010205990022104786,0.4866194427013397,-1.0,0.0,0.0,0.0010205990022104786,-0.0,0.17850570560989465,0.047719135905830434,0.054930618962797384
2025-07-10,0.0005630181784850364,0.4948149025440216,-1.0,0.0,0.0,-0.0005630181784850364,0.0,0.17784218547418784,0.047719135905830434,0.055524564078313965
2025-07-11,-0.0024255019929678916,0.5041857957839966,1.0,0.0,0.0,-0.0024255019929678916,-0.0,0.1749853269059185,0.047719135905830434,0.05296438714451557
2025-07-14,-0.0017655424559011193,0.5109646320343018,1.0,0.0,0.0,-0.0017655424559011193,-0.0,0.1729108404262052,0.047719135905830434,0.05110533381446003
2025-07-15,-0.0013541264909105511,0.5150368809700012,1.0,0.0,0.0,-0.0013541264909105511,-0.0,0.17132257078570778,0.047719135905830434,0.04968200423720437
2025-07-16,-0.005062042569506026,0.5161576271057129,1.0,0.0,0.0,-0.005062042569506026,-0.0,0.16539328606976733,0.047719135905830434,0.04436846924731119
2025-07-17,0.0024404861817701115,0.5164899826049805,1.0,0.0,0.0,0.0024404861817701115,0.0,0.1682374122807484,0.047719135905830434,0.04691723606518572
2025-07-18,-0.0017437986838320166,0.5171806216239929,1.0,0.0,0.0,-0.0017437986838320166,-0.0,0.16620024141880996,0.047719135905830434,0.04509162316685411
2025-07-21,0.0013133100172193406,0.5176399350166321,1.0,0.0,0.0,0.0013133100172193406,0.0,0.16773182387794883,0.047719135905830434,0.04646415246447111
2025-07-22,0.005469826150893581,0.5170154571533203,1.0,0.0,0.0,0.005469826150893581,0.0,0.17411911394542723,0.047719135905830434,0.05218812945159401
2025-07-23,0.0038079958892339527,0.5151955485343933,1.0,0.0,0.0,0.0038079958892339527,0.0,0.17859015470480233,0.047719135905830434,0.05619485752324627
2025-07-24,0.0029862395798766583,0.5135735273361206,1.0,0.0,0.0,0.0029862395798766583,0.0,0.18210970727323494,0.047719135905830434,0.0593489084108445
2025-07-25,-0.0015412344485053924,0.5139093995094299,1.0,0.0,0.0,-0.0015412344485053924,-0.0,0.18028779907047277,0.047719135905830434,0.057716203380215214
2025-07-28,5.870991801312067e-05,0.5149770975112915,1.0,0.0,0.0,5.870991801312067e-05,0.0,0.1803570936703882,0.047719135905830434,0.05777830181179677
2025-07-29,-0.013708151840823465,0.5139685273170471,1.0,1.0,1.0,-0.013708151840823465,-0.013708151840823465,0.16417657940396158,0.03335684290429697,0.04327811623663225
2025-07-30,-0.003958249450338669,0.5130772590637207,1.0,1.0,1.0,-0.003958249450338669,-0.003958249450338669,0.15956847809843877,0.02926655874886741,0.03914856120648835
2025-07-31,-0.010582197162933812,0.5132436156272888,1.0,1.0,1.0,-0.010582197162933812,-0.010582197162933812,0.147297695839278,0.018374657090972413,0.028152086250222252
2025-08-01,-0.0004913783030475,0.5089765787124634,1.0,1.0,1.0,-0.0004913783030475,-0.0004913783030475,0.1467339386444062,0.017874249880104554,0.027646874622806017
2025-08-04,0.01416251795155252,0.49777135252952576,-1.0,0.0,1.0,-0.01416251795155252,0.0,0.13049329865270032,0.017874249880104554,0.04220094193250845
2025-08-05,-0.00022019763958905744,0.49066218733787537,-1.0,-1.0,1.0,0.00022019763958905744,0.00022019763958905744,0.13074223060863477,0.0180983833873265,0.041971451745117516
2025-08-06,-0.0004284953923053027,0.48799145221710205,-1.0,-1.0,1.0,0.0004284953923053027,0.0004284953923053027,0.13122674844433546,0.0185346338535215,0.04152497177913106
2025-08-07,0.007228292232798949,0.49441495537757874,-1.0,-1.0,1.0,-0.007228292232798949,-0.007228292232798949,0.12304991092502093,0.011172367870801336,0.04905341864290813
2025-08-08,0.0011553279826671148,0.5006850957870483,1.0,0.0,1.0,0.0011553279826671148,0.0,0.12434740191304439,0.011172367870801336,0.050265419412778733
2025-08-11,-0.0024606864217707708,0.497535765171051,-1.0,0.0,1.0,0.0024606864217707708,-0.0,0.12711406829828498,0.011172367870801336,0.04768104555597441
2025-08-12,-0.0025361138582426015,0.4965032935142517,-1.0,0.0,1.0,0.0025361138582426015,-0.0,0.12997255790671658,0.011172367870801336,0.0450240071373218
2025-08-13,0.005031817232867205,0.5046041011810303,1.0,0.0,1.0,0.005031817232867205,0.0,0.13565837329625863,0.011172367870801336,0.05028237694519522
2025-08-14,0.003064079840358307,0.5067493915557861,1.0,1.0,1.0,0.003064079840358307,0.003064079840358307,0.13913812122340974,0.014270680738321495,0.05350052600307653
2025-08-15,-0.005268555868744071,0.5125409364700317,1.0,1.0,1.0,-0.005268555868744071,-0.005268555868744071,0.13313650838952795,0.008926938990822642,0.047950099624078035
2025-08-18,0.004730015176767789,0.5159815549850464,1.0,1.0,1.0,0.004730015176767789,0.004730015176767789,0.13849626127156012,0.013699178724499106,0.05290691949979509
2025-08-19,-0.003272595167235942,0.516423761844635,1.0,1.0,1.0,-0.003272595167235942,-0.003272595167235942,0.13477042390900662,0.010381751691174168,0.04946118140349065
2025-08-20,-0.002214521376242774,0.5167704224586487,1.0,1.0,1.0,-0.002214521376242774,-0.002214521376242774,0.13225745054813198,0.008144239703888445,0.04713712718373553
2025-08-21,0.0007919897481926959,0.5167948603630066,1.0,1.0,1.0,0.0007919897481926959,0.0007919897481926959,0.13315418684128089,0.008942679606433579,0.04796644905341707
2025-08-22,-0.003326823261899247,0.5124147534370422,1.0,1.0,1.0,-0.003326823261899247,-0.003326823261899247,0.12938438313317868,0.005586105629995952,0.04448004989301624
2025-08-25,0.008279447377107845,0.505751371383667,1.0,1.0,1.0,0.008279447377107845,0.008279447377107845,0.13873506170185745,0.0139118028747105,0.053127767502544554
2025-08-26,-0.007814853701171973,0.5037532448768616,1.0,0.0,1.0,-0.007814853701171973,-0.0,0.12983601379026233,0.0139118028747105,0.044897728070870224
2025-08-27,0.0018025532981323705,0.502219557762146,1.0,0.0,1.0,0.0018025532981323705,0.0,0.13187260342326868,0.0139118028747105,0.04678121191681539
2025-08-28,0.0007335605601103757,0.5086094737052917,1.0,1.0,1.0,0.0007335605601103757,0.0007335605601103757,0.13270290052420952,0.014655568584729828,0.047549089328942085
2025-08-29,0.0028811150967894125,0.5134648084640503,1.0,1.0,1.0,0.0028811150967894125,0.0028811150967894125,0.13596634795108686,0.017578908061420595,0.050567198824835735
2025-09-01,0.0008765237913422871,0.511699378490448,1.0,1.0,1.0,0.0008765237913422871,0.0008765237913422871,0.13696204948123003,0.018470840183904436,0.051488045969009466
2025-09-02,0.0020599100288224465,0.5095712542533875,1.0,1.0,1.0,0.0020599100288224465,0.0020599100288224465,0.1393040890093471,0.020568798481662487,0.05365401674008807
2025-09-03,-0.0068420207751402635,0.5142366886138916,1.0,1.0,1.0,-0.0068420207751402635,-0.0068420207751402635,0.13150894676314295,0.013586045559990989,0.04644489406774244
2025-09-04,0.0020966619985556645,0.505098283290863,1.0,1.0,1.0,0.0020966619985556645,0.0020966619985556645,0.133881338572847,0.015711192903982818,0.048638935310716835
2025-09-05,-0.00030316941098476743,0.502708375453949,1.0,0.0,1.0,-0.00030316941098476743,-0.0,0.1335375804353054,0.015711192903982818,0.04832102006236294
2025-09-08,0.004814272494273139,0.4935119152069092,-1.0,-1.0,1.0,-0.004814272494273139,-0.004814272494273139,0.12808042164059086,0.010821282445859781,0.05336792311441774
2025-09-09,0.004766795744852672,0.48832279443740845,-1.0,-1.0,1.0,-0.004766795744852672,-0.004766795744852672,0.12270309268686286,0.006002903857890374,0.05838911284808379
2025-09-10,-0.005656694013072186,0.4853633642196655,-1.0,-1.0,1.0,0.005656694013072186,0.005656694013072186,0.12905388054972233,0.011693554461276623,0.05240212948993528
2025-09-11,5.85702811199617e-05,0.4849432110786438,-1.0,-1.0,1.0,-5.85702811199617e-05,-5.85702811199617e-05,0.12898775154653896,0.01163429928538462,0.052463768978510794
2025-09-12,0.002671941133232542,0.4833848178386688,-1.0,-1.0,1.0,-0.002671941133232542,-0.002671941133232542,0.12597116273426612,0.008931271989335077,0.055275890214081524
2025-09-15,-0.0007038362821511885,0.48271745443344116,-1.0,0.0,0.0,0.0007038362821511885,-0.0,0.12676366209125445,0.008931271989335077,0.054533148754869476
2025-09-16,0.0031711723364202106,0.4830533564090729,-1.0,0.0,0.0,-0.0031711723364202106,0.0,0.12319050033634715,0.008931271989335077,0.05787725510403918
2025-09-17,0.009111157584802068,0.48342326283454895,-1.0,-1.0,1.0,-0.009111157584802068,-0.009111157584802068,0.1129569346900301,-0.0002612598219945417,0.06751574148066974
2025-09-18,-0.0038034942077854283,0.4837692975997925,-1.0,-1.0,1.0,0.0038034942077854283,0.0038034942077854283,0.11719005994463827,0.0035412406855710454,0.06345545154122822
2025-09-19,-0.002987527682998781,0.48415035009384155,-1.0,-1.0,1.0,0.002987527682998781,0.002987527682998781,0.12052769617589387,0.006539347923150141,0.06027834894011286
2025-09-22,-0.00459975736938313,0.48459237813949585,-1.0,-1.0,1.0,0.00459975736938313,0.00459975736938313,0.12568185170397705,0.011169184706333768,0.05540132579097823
2025-09-23,0.0054490527700660745,0.4841431975364685,-1.0,-1.0,1.0,-0.0054490527700660745,-0.0054490527700660745,0.11954795189173639,0.005659270459404286,0.06115226330881107
2025-09-24,0.001133560099404778,0.48304957151412964,-1.0,-1.0,1.0,-0.001133560099404778,-0.001133560099404778,0.11827887700410167,0.004519295236814935,0.0623551431738909
2025-09-25,-0.005925077887075215,0.48286229372024536,-1.0,-1.0,1.0,0.005925077887075215,0.005925077887075215,0.12490476644982196,0.01047115030016288,0.056060606206850716
2025-09-26,-0.006998753739016789,0.4844217896461487,-1.0,-1.0,1.0,0.006998753739016789,0.006998753739016789,0.13277769789005056,0.017543189041494767,0.048669498090532226
2025-09-29,0.003891255553779332,0.4937394857406616,-1.0,-1.0,1.0,-0.003891255553779332,-0.003891255553779332,0.12836977038193842,0.013583668455926734,0.052750139099055904
2025-09-30,0.0019806111702517447,0.49184274673461914,-1.0,-1.0,1.0,-0.0019806111702517447,-0.0019806111702517447,0.12613490861054566,0.011576153320198124,0.0548352277840396
2025-10-01,0.00037549924772429627,0.4897419810295105,-1.0,-1.0,1.0,-0.00037549924772429627,-0.00037549924772429627,0.12571204579952644,0.011196307235610492,0.055231317618545495
2025-10-02,-0.00015258036072495198,0.4908406436443329,-1.0,-1.0,1.0,0.00015258036072495198,0.00015258036072495198,0.12588380734954696,0.011350595932932306,0.055070310043455084
2025-10-03,-0.0007623361800018725,0.49456676840782166,-1.0,-1.0,1.0,0.0007623361800018725,0.0007623361800018725,0.12674210931036756,0.012121585082878417,0.0542659917736632
2025-10-06,-0.0010781815879537045,0.4951871633529663,-1.0,0.0,1.0,0.0010781815879537045,-0.0,0.12795694190699813,0.012121585082878417,0.053129301592527156
2025-10-07,-0.00018739398387827448,0.4996601343154907,-1.0,0.0,0.0,0.00018739398387827448,-0.0,0.12816831425198538,0.012121585082878417,0.0529319514971629
2025-10-08,-0.004766464102914459,0.5000253319740295,1.0,0.0,0.0,-0.004766464102914459,-0.0,0.12279094048005779,0.012121585082878417,0.04791318914753995
2025-10-09,-0.001944386427629532,0.5027581453323364,1.0,0.0,0.0,-0.001944386427629532,-0.0,0.120607801014323,0.012121585082878417,0.04587564096522745
2025-10-10,-0.005648764894055418,0.502733051776886,1.0,0.0,0.0,-0.005648764894055418,-0.0,0.11427775100794868,0.012121585082878417,0.03996773536099529
2025-10-13,0.00310463988763602,0.4975927174091339,-1.0,0.0,0.0,-0.00310463988763602,0.0,0.110818319856264,0.012121585082878417,0.043196460674051584
2025-10-14,-0.003069907661501375,0.4877394139766693,-1.0,0.0,0.0,0.003069907661501375,-0.0,0.11422842952692669,0.012121585082878417,0.03999394386697719
2025-10-15,0.003058297376041747,0.4860706925392151,-1.0,0.0,0.0,-0.003058297376041747,0.0,0.11082078764459324,0.012121585082878417,0.04317455461660491
2025-10-16,0.003789498902146494,0.48880714178085327,-1.0,0.0,0.0,-0.003789498902146494,0.0,0.1066113334893326,0.012121585082878417,0.04712766344607178
2025-10-17,0.004564146105032233,0.4941681921482086,-1.0,0.0,0.0,-0.004564146105032233,0.0,0.10156059768180281,0.012121585082878417,0.05190690709266077
2025-10-20,-0.003608682608285511,0.4851735532283783,-1.0,0.0,0.0,0.003608682608285511,-0.0,0.10553578025262977,0.012121585082878417,0.04811090893150016
2025-10-21,-0.0011185328701258219,0.482906311750412,-1.0,0.0,0.0,0.0011185328701258219,-0.0,0.10677235836194243,0.012121585082878417,0.04693856242832273
2025-10-22,-0.0037888849174725417,0.4834355115890503,-1.0,0.0,0.0,0.0037888849174725417,-0.0,0.11096579145761543,0.012121585082878417,0.042971832699617574
2025-10-23,0.0006962863606300936,0.48708057403564453,-1.0,0.0,0.0,-0.0006962863606300936,0.0,0.11019224112989678,0.012121585082878417,0.04369803976124764
2025-10-24,0.0008245819701882889,0.4911911189556122,-1.0,0.0,0.0,-0.0008245819701882889,0.0,0.10927679662441814,0.012121585082878417,0.044558654347155446
2025-10-27,0.0011740581594156239,0.4932524263858795,-1.0,-1.0,1.0,-0.0011740581594156239,-0.0011740581594156239,0.10797444115029076,0.010933295477591143,0.045785026958279795
2025-10-28,0.001722954597345136,0.4979056119918823,-1.0,0.0,0.0,-0.001722954597345136,0.0,0.10606545149316982,0.010933295477591143,0.04758686707831239
2025-10-29,0.0005245090468156377,0.49562889337539673,-1.0,0.0,0.0,-0.0005245090468156377,0.0,0.1054853101574913,0.010933295477591143,0.048136335867420055
2025-10-30,-0.004687056236158633,0.4948728680610657,-1.0,0.0,0.0,0.004687056236158633,-0.0,0.1106667819744469,0.010933295477591143,0.04322366191804816
2025-10-31,-0.00266525736380437,0.49374982714653015,-1.0,0.0,0.0,0.00266525736380437,-0.0,0.11362699479383731,0.010933295477591143,0.040443202371026166
2025-11-01,0.0,0.49368786811828613,-1.0,0.0,0.0,-0.0,0.0,0.11362699479383731,0.010933295477591143,0.040443202371026166
2025-11-03,-0.003846199871322598,0.49508222937583923,-1.0,0.0,0.0,0.003846199871322598,-0.0,0.11791022679791485,0.010933295477591143,0.03644144985994813
2025-11-04,-0.000772136025743686,0.49647268652915955,-1.0,0.0,0.0,0.000772136025743686,-0.0,0.11877340555757288,0.010933295477591143,0.035641176077937375
2025-11-05,-0.0029215895313422433,0.5002867579460144,1.0,0.0,0.0,-0.0029215895313422433,-0.0,0.11550480888795178,0.010933295477591143,0.0326154576596811
2025-11-06,0.0009768165584818885,0.50479656457901,1.0,0.0,0.0,0.0009768165584818885,0.0,0.11659445245633959,0.010933295477591143,0.03362413353726734
2025-11-07,0.004551545936366607,0.5087929368019104,1.0,0.0,0.0,0.004551545936366607,0.0,0.12167668339898663,0.010933295477591143,0.03832872126199938
2025-11-10,-0.0004619064573929637,0.5136104822158813,1.0,0.0,0.0,-0.0004619064573929637,-0.0,0.12115857369581762,0.010933295477591143,0.037849110520751905
2025-11-11,0.0011550883736828707,0.5150539875030518,1.0,0.0,0.0,0.0011550883736828707,0.0,0.12245361092934859,0.010933295477591143,0.039047917961951395
2025-11-12,0.002615376763782096,0.5163145065307617,1.0,0.0,0.0,0.002615376763782096,0.0,0.12538925002179657,0.010933295477591143,0.04176541974304526
2025-11-13,0.00040556416479594736,0.5080021619796753,1.0,0.0,0.0,0.00040556416479594736,0.0,0.12584566757305193,0.010933295477591143,0.042187922465416694
2025-11-14,0.003425554234844353,0.49651211500167847,-1.0,0.0,0.0,-0.003425554234844353,0.0,0.12198902217871588,0.010933295477591143,0.04575799371672162
2025-11-17,-0.0014297542332625918,0.4897606074810028,-1.0,0.0,0.0,0.0014297542332625918,-0.0,0.12359319073285002,0.010933295477591143,0.04426281679823685
2025-11-18,-0.0021349466482306996,0.49078693985939026,-1.0,0.0,0.0,0.0021349466482306996,-0.0,0.12599200224938012,0.010933295477591143,0.04203337139764152
2025-11-19,-0.0008109940862881721,0.49558132886886597,-1.0,0.0,0.0,0.0008109940862881721,-0.0,0.12690517510441213,0.010933295477591143,0.04118828849572309
2025-11-20,-0.003502886982433731,0.5026237368583679,1.0,0.0,0.0,-0.003502886982433731,-0.0,0.12295775363610173,0.010933295477591143,0.037541123593688885
2025-11-21,-0.0005307664626685978,0.5103266835212708,1.0,0.0,0.0,-0.0005307664626685978,-0.0,0.12236172532147793,0.010933295477591143,0.03699043156164583
2025-11-24,-0.0023387457189911476,0.5138395428657532,1.0,0.0,0.0,-0.0023387457189911476,-0.0,0.11973680664122277,0.010933295477591143,0.03456517462919617
2025-11-25,0.001082257967005073,0.5132323503494263,1.0,0.0,0.0,0.001082257967005073,0.0,0.12094865072115901,0.010933295477591143,0.03568484103182468
2025-11-26,0.003878233380834474,0.5080720782279968,1.0,0.0,0.0,0.003878233380834474,0.0,0.1252959511965872,0.010933295477591143,0.03970146855433865
2025-11-27,0.0032202570718964044,0.504142165184021,1.0,0.0,0.0,0.0032202570718964044,0.0,0.12891969344140453,0.010933295477591143,0.043049574561111914
2025-11-28,-0.00019719223599180802,0.5036501288414001,1.0,0.0,0.0,-0.00019719223599180802,-0.0,0.12869707924279972,0.010933295477591143,0.042843893283254
2025-12-01,0.00013913811257868804,0.5014079809188843,1.0,0.0,0.0,0.00013913811257868804,0.0,0.1288541240240786,0.010933295477591143,0.042988992614279464
2025-12-02,0.0005338681523857639,0.49602922797203064,-1.0,0.0,0.0,-0.0005338681523857639,0.0,0.12825146475857285,0.010933295477591143,0.043545811220725206
2025-12-03,0.0017426145067616567,0.49555251002311707,-1.0,0.0,0.0,-0.0017426145067616567,0.0,0.12628535738880964,0.010933295477591143,0.04536430928982882
2025-12-04,0.003342812053854932,0.5014007091522217,1.0,0.0,0.0,0.003342812053854932,0.0,0.13005031765756936,0.010933295477591143,0.0488587657035926
2025-12-05,-0.002062849287251466,0.503694474697113,1.0,0.0,0.0,-0.002062849287251466,-0.0,0.12771919416523114,0.010933295477591143,0.046695128146333476
2025-12-08,-0.00022118438593955202,0.501916766166687,1.0,0.0,0.0,-0.00022118438593955202,-0.0,0.12746976028775747,0.010933295477591143,0.046463615527148505
2025-12-09,0.00010465908031026407,0.5040908455848694,1.0,0.0,0.0,0.00010465908031026407,0.0,0.12758776023594676,0.010933295477591143,0.04657313744672775
2025-12-10,-0.0011284787545329754,0.499264121055603,-1.0,0.0,0.0,0.0011284787545329754,-0.0,0.12886021906724432,0.010933295477591143,0.04539210189605436
2025-12-11,0.00625216328712096,0.5005449652671814,1.0,0.0,0.0,0.00625216328712096,0.0,0.13591803748518783,0.010933295477591143,0.051928064016175
2025-12-12,0.0032583302689056003,0.5017787218093872,1.0,0.0,1.0,0.0032583302689056003,0.0,0.1396192336097215,0.010933295477591143,0.05535559306787019
2025-12-15,-0.00015263535945028118,0.5032964944839478,1.0,0.0,1.0,-0.00015263535945028118,-0.0,0.13944528741836293,0.010933295477591143,0.055194508487574456
2025-12-16,0.001444786011798567,0.5021684169769287,1.0,0.0,0.0,0.001444786011798567,0.0,0.14109154203083474,0.010933295477591143,0.056719038753163975
2025-12-17,-0.0004348603030375916,0.4997325837612152,-1.0,0.0,0.0,0.0004348603030375916,-0.0,0.14158775744459584,0.010933295477591143,0.05625951359174608
2025-12-18,-0.0006107669323483436,0.49753397703170776,-1.0,0.0,0.0,0.0006107669323483436,-0.0,0.14228500149721657,0.010933295477591143,0.05561438520886597
2025-12-19,-0.001419763619046865,0.4935873746871948,-1.0,0.0,0.0,0.001419763619046865,-0.0,0.1439067761849253,0.010933295477591143,0.054115662309004
2025-12-22,-0.0014997716425493423,0.49033212661743164,-1.0,0.0,0.0,0.0014997716425493423,-0.0,0.14562237512956755,0.010933295477591143,0.052534729530705926
2025-12-23,0.004929457555550721,0.49024295806884766,-1.0,-1.0,1.0,-0.004929457555550721,-0.004929457555550721,0.1399750782566771,0.005949942706041211,0.057723154805670696
2025-12-24,0.0025094133829199968,0.4917554259300232,-1.0,-1.0,1.0,-0.0025094133829199968,-0.0025094133829199968,0.1371144095391046,0.0034255984572670872,0.06037741944576447
2025-12-25,0.0,0.49924957752227783,-1.0,0.0,0.0,-0.0,0.0,0.1371144095391046,0.0034255984572670872,0.06037741944576447
2025-12-26,-0.0008608228780450154,0.4990672469139099,-1.0,0.0,0.0,0.0008608228780450154,-0.0,0.1380932636377905,0.0034255984572670872,0.059464622303743164
2025-12-29,-0.0010718568594030558,0.49807208776474,-1.0,0.0,1.0,0.0010718568594030558,-0.0,0.13931313670906098,0.0034255984572670872,0.058329027881032
2025-12-30,1.18472044775698e-05,0.49634572863578796,-1.0,0.0,0.0,-1.18472044775698e-05,0.0,0.1392996390333665,0.0034255984572670872,0.05834156612142993
2025-12-31,-0.0021756559939025886,0.4938940107822418,-1.0,0.0,0.0,0.0021756559939025886,-0.0,0.14177836312188052,0.0034255984572670872,0.05603897894950172
